İLAN ADI;MAHALLE;FİYAT;NET(m²);BRÜT(m²);ODA-SALON SAYISI;ODA SAYISI;SALON SAYISI;BANYO SAYISI;FOTOĞRAF SAYISI
GÖZTEPE SERVER İSKİT SOKAK'TA 3+1 SATILIK DAİRE;Göztepe;4.300.000;92;110;3+1;3;1;2;16
DİNAMİK'TEN YALI PARSELİN'DE MUHTEŞEM 4+1 BALKONLU SATILIK;Fenerbahçe;6.300.000;150;180;4+1;4;1;2;29
DİNAMİK'TEN KALAMIŞ MARİNAYA YAKIN 165M2 3+1 EBEVEYNLİ BALKONLU;Fenerbahçe;4.500.000;125;165;3+1;3;1;2;31
DİNAMİK'TEN ÇİFTEHAVUZLAR SAHİLDE KAPANMAZ PARK VE DENİZ MANZARA;Caddebostan;8.500.000;125;165;3+1;3;1;2;23
DİNAMİK'TEN GÖZTEPE TÜTÜNCÜ'DE MARMARAYA 1 DK 135M2 3+1 BALKONLU;Göztepe;3.250.000;100;135;3+1;3;1;1;25
FENERYOLU BAĞDAT'A 1.PARALEL 3 YILLIK İSKANLI 90m2 SATILIK 2+1;Feneryolu;3.300.000;70;90;2+1;2;1;1;31
KOZYATAĞI KAYA SULTAN SOKAK 350m2 DEPREM SONRASI SATILIK 5+2;Kozyatağı;3.350.000;300;350;5+2;5;2;3;31
KAZASKER PAŞA KORUSU 14.KAT DENİZ MANZARALI 180m2 SATILIK 3+1;19 Mayıs;5.000.000;140;180;3+1;3;1;2;31
DİNAMİK'TEN CADDEBOSTAN SAHİL'DE 3+1 BALKONLU SATILIK DAİRE;Caddebostan;6.945.000;105;135;3+1;3;1;2;23
Dinamik'ten Feneryolun'da Site İçinde Önü Açık Manzaralı 3+1;Feneryolu;4.150.000;105;140;3+1;3;1;2;33
C.BOSTAN MİGROSA 3 BİNADA SIFIR 120M2 İŞYERİNE KONUTA LÜKS;Caddebostan;5.750.000;90;120;3+1;3;1;2;24
ERENKÖY'DE 145M2 3+1 GENİŞ BALKONLU EBEVEYNLİ SATILIK DAİRE;Erenköy;4.250.000;105;145;3+1;3;1;2;31
CenkCaddede Fenerbahçe Satılık 3+1 Balkonlu Vatandaşlığa Uygun;Fenerbahçe;4.600.000;85;110;3+1;3;1;2;24
Suadiye Bağdat & EminAliPaşa Arası +124 m2 Net Teraslı Dubleks %;Suadiye;3.950.000;124;155;2+2;2;2;2;21
ŞAHANE LOKASYONDA SATILIK LÜKS DUBLEKS DAİRE;Erenköy;14.650.000;290;320;5+2;5;2;3;32
MODA'DA YATIRIMLIK KİRA GETİRİLİ 2;Caferağa;2.425.000;102;128;2+1;2;1;1;30
YATIRIMLIK! KOZYATAĞINDA BALKONLU;Kozyatağı;2.145.000;75;90;2+1;2;1;1;31
Suadiye nin En Güzel Lokasyon unda 3+1 Satılık Residence Dairesi;Suadiye;6.950.000;110;139;3+1;3;1;2;14
ACIBADEM'de MUHTEŞEM MANZARALI LÜX SATILIK ÇATI DUBLEKS;Acıbadem;9.750.000;295;370;5+1;5;1;3;31
KW SİNAN'DAN MODA DA YENİ BİNA'DA FULL MANZARALI DUBLEKS DAİRE;Caferağa;4.990.000;220;265;4+1;4;1;3;25
KOZYATAĞI BAYAR CADDESİNE ÇOK YAKIN GENİŞ 3+1 DAİRE;19 Mayıs;1.500.000;100;140;3+1;3;1;2;32
KW Cadde'denMinibüs Caddesine Yürüme Mesafesi Ara Kat Emsalsiz;Kozyatağı;3.200.000;80;100;2+1;2;1;2;30
ERENKÖY DE 2 YILLIK BİNADA 4.KATTA GÜNEY BATI CEPHE KOMBİLİ 3+1;Erenköy;3.600.000;108;125;3+1;3;1;1;16
Caddebostan sahilde 4 yaşında iskanlı 3+1 Kombili Balkonlu;Caddebostan;5.300.000;98;125;3+1;3;1;2;32
Moda Dr. Esat Işık Cad. Üzerinde Havuzlu Otoparklı 4+1;Caferağa;4.350.000;140;170;4+1;4;1;2;23
FENERYOLU ÖZGÜRLÜK PARKINA YAKIN 160M2 BALKONLU ULTRA LÜKS;Feneryolu;3.595.000;125;160;3+1;3;1;2;23
SUADİYEDE GİRİŞ KATI 2+1 MARMARAY YÜRÜME MESAFESİNDE SATILIK;Suadiye;1.635.000;75;95;2+1;2;1;1;22
MODA SAHİL DE MUHTEŞEM DENİZ MANZARALI AYRICALIKLI ÖZEL TERASLI.;Caferağa;11.000.000;133;177;3+1;3;1;1;26
Dinamik'ten Suadiye'de Kaptan Arif Caddesine'de 3+1 Balkonlu;Suadiye;3.595.000;110;140;3+1;3;1;1;31
Yenitepe Kadıköy de Balkonlu Yüksek kat Satılık Boş 3+1 Daire;Dumlupınar;5.550.000;130;200;3+1;3;1;3;30
Moda'nın kalbinde oturmak ister misiniz?;Caferağa;3.750.000;100;130;3+1;3;1;1;30
KOZYATAĞI METRO İSTASYONUNA VE KOZZY AVM YE YAKIN KONUMDADI;Kozyatağı;2.350.000;110;140;3+1;3;1;1;13
Fenerbahçe'de Orduevi yakını;Fenerbahçe;9.850.000;216;260;4+2;4;2;4;23
BAĞDATA SADECE 100MT MESAFEDE;Feneryolu;4.995.000;150;210;4+1;4;1;3;28
SUADİYE'DE DİNAMİKTEN MERKEZİ KONUMDA BALKONLU 3+1 SATILIK DAİRE;Suadiye;2.350.000;100;125;3+1;3;1;1;28
SAKİNLERDE ŞAHANE 3+1 125m² DOĞA MANZARALI ARAKAT DAİRE;Acıbadem;3.350.000;120;125;3+1;3;1;2;26
ERENKÖY BAĞDAT CADDESİ YAKIN 4+1 190M2 24 SAAT GÜVENLİKLİ DAİRE;Erenköy;16.100.000;165;225;4+1;4;1;2;29
F.YOLU BAĞDATA YAKIN 225M2 BALKONLU ULTRA LÜKS DAİRE;Feneryolu;4.995.000;185;225;4+1;4;1;2;18
GÖZTEPE MERKEZDE İÇİ YAPILI BALKONLU EBEVEYN BANYOLU SATILIK 3+1;Göztepe;3.100.000;125;165;3+1;3;1;2;26
KOZYATAĞINDA KOZZY AVM'YE KOMŞU 12.KATTA 3+1 110 M2;Kozyatağı;4.000.000;87;110;3+1;3;1;1;27
AKAY DAN İKBALİYE METROYA 2DK İYİ LOKASYON 2+1 100m² ZEMİN KAT;Acıbadem;825.000;90;100;2+1;2;1;1;4
BOSTANCI SAHİLİNDE KESİNTİSİZ LEBİDERYA MANZARALI 330 M2 DAİRE;Bostancı;13.750.000;281;330;6+1;6;1;2;
MODA CADDE DE SATILIK DAİRE TİCARİ OFİSEDE UYGUN;Caferağa;1.400.000;80;95;2+1;2;1;1;15
CADDEBOSTAN BAĞDAT CADDESİNE 150 METRE MESAFEDE 145 M2 DAİRE;Caddebostan;5.500.000;117;145;3+1;3;1;2;
ACIBADEM CAD.ÜZERİ DENİZ MANZARALI 2+1 100m²AKILLI BİNA ARAKAT;Acıbadem;3.375.000;90;100;2+1;2;1;2;
FENERBAHÇE'DE 12.KAT DENİZ MANZARALI BALKONLU 230m2 SATILIK 4+1;Fenerbahçe;7.800.000;185;230;4+1;4;1;2;21
ERENKÖY DİVAN arkası Nezih Apt 155m2 Ferah Daire YATIRIM DEĞERLİ;Caddebostan;6.900.000;130;155;3+1;3;1;2;20
ERENKÖY BAĞDATA YAKIN 185M2 45M2 SALONLU 2 BALKONLU ULTRA LÜKS;Erenköy;4.495.000;155;185;4+1;4;1;3;31
GÖZTEPE BAĞDATA YAKIN 4 YILLIK TERASLI MANZARALI DUBLEKS;Göztepe;6.950.000;190;250;5+1;5;1;3;30
KOZYATAĞI YENİ BİNADA ADALAR MANZARALI DUBLEKS 294M2 4+2;Kozyatağı;5.850.000;210;294;4+2;4;2;2;31
CADDEBOSTAN SAHİLDE YATIRIMLIK İÇİ SIFIRLANMIŞ 250 M2 4;Caddebostan;8.900.000;180;250;4+1;4;1;3;31
CITY'DEN ..FENERBAHÇE SAHİL  KATTA TEK 4+1 ''KOMPLE YENİLENMİŞ'';Fenerbahçe;5.950.000;145;185;4+1;4;1;2;31
BOSTANCIDA YENİ BİNADA 5+1 DUBLEKS DAİRE 200M2 NET;Bostancı;5.590.000;200;260;5+1;5;1;2;31
CADDEBOSTAN'DA DİNAMİK'TEN 160m2 NET 3+1 DUBLEKS-TERASLI SATILIK;Göztepe;4.950.000;160;220;3+1;3;1;2;20
SUADİYE KAPTANARİF TE 140 M2 BRÜT YENİ LÜKS;Suadiye;3.150.000;105;140;3+1;3;1;2;18
Fenerbahçe Deniz Manzaralı Güvenlik Kahve Dünyası Süt İş;Fenerbahçe;9.500.000;133;179;3+1;3;1;2;17
CİTYDEN..ERENKÖY TELLİKAVAKTA 5 YILLIK BİNA İÇİ SIFIR 148M2 3+1;Erenköy;3.245.000;108;148;3+1;3;1;2;13
SUADİYE'DE DİNAMİK'TEN ÖN CEPHE BALKONLU 2+1 SATILIK DAİRE;Suadiye;1.950.000;110;140;2+1;2;1;1;12
ŞAŞKINBAKKAL'DA DİNAMİK'TEN CADDEYE PARALEL 3+1 FIRSAT DAİRE;Suadiye;3.500.000;90;120;3+1;3;1;1;10
KADIKÖY BAĞDAT CADDESİ  SATILIK DUBLEX;Caddebostan;8.500.000;213;248;5+2;5;2;4;29
MTS PRIME EMLAK-7 YILLIK BİNA;Fenerbahçe;3.950.000;90;125;3+1;3;1;2;9
Dinamik'ten Selamiçeşme Bağdata ve Özgürlük Parkına Çok yakın;Feneryolu;3.175.000;115;145;3+1;3;1;2;19
4 YAŞINDA ÖNÜ AÇIK EBEVENY BANYOLU ISI PAY ÖLÇERLİ 3+1 DAİRE;Kozyatağı;3.695.000;105;140;3+1;3;1;2;20
İNŞAAT BİTMEDEN ALIN;Bostancı;2.400.000;66;86;2+1;2;1;1;2
BEGÜMDEN  ERENKÖYDE YAPILI ÖZEL TASARIM KONFORLU 3+1;Erenköy;2.950.000;90;120;3+1;3;1;2;31
BEGÜMDEN FENERBAHÇE'DE BAĞDAT CAD.DE BALKONLU 4+1 190M2;Fenerbahçe;5.950.000;150;190;4+1;4;1;2;22
ERENKÖY'DE DİNAMİK'TEN 2 YILLIK YENİ BİNADA GENİŞ 3+1 SATILIK;Erenköy;3.600.000;108;125;3+1;3;1;1;31
CİTYDEN SUADİYE DE MARMARAYA VE BAĞDAT A KOMŞU 160m2 3+1;Suadiye;5.950.000;120;160;3+1;3;1;2;24
CİTYDEN CADDEBOSTAN DA BAKIMLI BİNADA KATTA TEK 185m2 4+1;Göztepe;4.895.000;145;190;4+1;4;1;2;29
CİTY'DEN KALAMIŞTA YAT LİMANINA ADIM MESAFEDE SAKİN SOKAK TA 3+1;Fenerbahçe;3.950.000;95;130;3+1;3;1;2;25
SUADİYE'DE DİNAMİK'TEN 115m NET 3+1 BALKONLU CADDEYE YAKIN;Suadiye;4.350.000;115;140;3+1;3;1;2;26
KADIKÖY; SAHRAYICEDİT;4.950.000;145;182;3+1;3;1;2;36
Çiftehavuzlar'da Bağdat Caddesine Yakın Teraslı Dubleks;Göztepe;6.950.000;205;265;4+1;4;1;3;26
Fenerbahçe Kalamış 6+2 Teraslı Satılık Dubleks Daire;Fenerbahçe;9.950.000;280;340;6+2;6;2;4;26
CADDEBOSTAN SAHİLDE BAĞDATA 2.BİNA SIFIR KATTA TEK 154M2 3+1;Caddebostan;7.595.000;110;154;3+1;3;1;2;27
CITY'DEN.. ERENKÖY DİVAN'IN SOKAĞINDA TERASLI MÜKEMMEL DUBLEX..;Erenköy;6.050.000;210;250;4+2;4;2;3;27
CİTY DEN FENERBAHÇE DE KALAMIŞ CADDESİNE 2.BİNADA 165m2 3+1;Fenerbahçe;7.950.000;120;165;3+1;3;1;2;29
CİTY DEN FENERBAHÇE DE BAĞDAT SAHİL ARASINDA DENİZ MANZARALI KAT;Fenerbahçe;12.950.000;150;210;4+1;4;1;2;36
CİTY DEN SUADİYE DE BAĞDAT CAD. ŞAŞKINBAKKAL A KOMŞU 150m2 3+1;Suadiye;4.375.000;110;150;3+1;3;1;2;23
KADIKÖY'ÜN GÖZBEBEĞİ ŞUA ELİTE CONCEPTREZİDANS SATILIK 2+1 DAİRE;Fikirtepe;1.950.000;73;109;2+1;2;1;1;36
S.ÇEŞME ÖZG.PARKINA 5DK.MESAFEDE NET:220M2.5+2 MUHTEŞEM DUBLEKS;Feneryolu;5.900.000;220;250;5+2;5;2;4;36
ERENKÖY'DE DİNAMİK'TEN 3+1 İSKANLI 90 M2 NET SATILIK;Erenköy;3.950.000;90;130;3+1;3;1;2;19
MTS PRIME EMLAK-40 M2 TERASLI DUBLEKS;Fenerbahçe;9.950.000;300;350;6+2;6;2;4;27
DİNAMİK'TEN CADDEBOSTAN SAHİL'DE SİTE ÖZELLİKLİ 3+1 SATILIK;Caddebostan;4.950.000;98;125;3+1;3;1;2;18
Dinamik'ten Fenerbahçe'de Sahile Yakın İskanlı Geniş 4+1Dinamik';Fenerbahçe;6.850.000;150;255;4+1;4;1;3;30
MTS PRIME EMLAK-SAHİLDE-KATTA TEK;Caddebostan;7.595.000;110;145;3+1;3;1;2;9
SUADİYE AMETİST'TE SATILIK FUL DENİZ MANZARALI MUHTEŞEM DUBLEKS;Bostancı;6.500.000;189;233;4+2;4;2;3;36
Caddebostan Sahil Plaj Yolu Yakın Konumda Satılık Daire;Caddebostan;5.600.000;110;140;3+1;3;1;2;18
SUADİYE MAH.185M2 NET 4+1 KOMBİLİ EBEVEYN BANYOLU SATILIK DAİRE;Suadiye;4.650.000;185;210;4+1;4;1;3;26
Caddebostan 3+1 geniş daire;Caddebostan;4.750.000;118;130;3+1;3;1;1;25
GÖSTEPEDE YENİ BİNADA 3+1 95 M2 NET FUL İÇİ YENİ SATILIK DAİRE;Göztepe;4.650.000;95;135;3+1;3;1;1;27
BOSTANCIDA 3+1 95 M2 NET 3 YILLIK BİNADA EBEVEYN BANYOLU;Bostancı;3.695.000;95;115;3+1;3;1;2;21
UTKU'DAN FENERYOLU'NDA 3 YILLIK YENİ BİNADA 2+1 65M2 NET;Feneryolu;2.650.000;65;85;2+1;2;1;1;30
UTKU'DAN TEK YETKİLİ! ERENKÖY'DE 130m2 Net 3+1 3 BALKONLU;Erenköy;3.100.000;130;165;3+1;3;1;2;26
UTKU'DAN TEK YETKİLİ ! BOSTANCIDA GENİŞ 3+1 BALKONLU EBEVEYNLİ !;Bostancı;3.650.000;105;135;3+1;3;1;2;41
UTKU'DAN SUADİYE'DE YENİ BİNADA 3+1 BALKONLU EBEVEYNLİ DAİRE !!;Suadiye;4.200.000;100;140;3+1;3;1;2;21
UTKU'DAN CADDEBOSTAN SAHİLDE 3+1 YENİ BİNADA KOMBİLİ !!;Caddebostan;4.500.000;80;115;3+1;3;1;2;26
UTKU'DAN ŞAŞKINBAKKAL SAHİLDE 122m2 NET 3+1 GENİŞ BALKONLU !!;Suadiye;9.595.000;122;165;3+1;3;1;2;33
UTKU'DAN SUADİYE ZARAYA YAKIN YENİ BİNADA 120m2 NET 3+1 BALKONLU;Suadiye;5.950.000;120;150;3+1;3;1;2;21
UTKU'DAN ERENKÖY'DE SIFIR BİNADA 3+1 EBEVEYN BANYOLU BALKONLU !;Erenköy;3.950.000;95;135;3+1;3;1;2;38
UTKU'DAN FENERBAHÇE'DE GENİŞ 3+1 KAPALI OTOPARKLI PRESTİJLİ BİNA;Fenerbahçe;5.675.000;120;150;3+1;3;1;1;25
UTKU'DAN SUADİYE SAHİLDE 200m2 4+1 MASRAFSIZ KATTA TEK FIRSATI !;Suadiye;7.800.000;180;240;4+1;4;1;3;36
UTKU'DAN DİVANIN SOKAĞINDA 140m2 3+1 YENİ BİNADA KOMBİLİ DAİRE !;Erenköy;4.850.000;105;140;3+1;3;1;2;33
FENERYOLUNDA 3+1 KOMPLE TADİLAT GÖRMÜŞ TERTEMİZ ÖN DAİRE;Feneryolu;3.595.000;135;165;3+1;3;1;2;24
ERENKÖY'DE 160M2 BALKONLU GENİŞ ULTRA LÜKS DAİRE;Erenköy;3.495.000;130;160;3+1;3;1;2;23
CENTURY 21.SAHRA'DAN FULL DENİZ MAN. İÇİ YAPILI 133M2 NET 3+1;Bostancı;4.650.000;133;160;3+1;3;1;2;26
Dinamik'ten Göztepe Rıdvanpaşada 125 M2 Net Özel Dekorasyonlu 3+;Göztepe;4.295.000;125;145;3+1;3;1;2;
ERENKÖY BAĞDATA YAKIN SIFIR 135M2 BALKONLU LÜKS;Erenköy;4.850.000;105;135;3+1;3;1;2;19
Kalamış Parkına Yakın Sıfır Binada Satılık Daire;Zühtüpaşa;4.000.000;88;110;2+1;2;1;1;19
Caddebostan Tanzimat Sokak Bağdat Caddesi 7. Bina 3+1 Kombili;Caddebostan;4.400.000;107;140;3+1;3;1;2;18
GÖZTEPE MERKEZDE İÇİ YAPILI BALKONLU EBEVEYN BANYOLU SATILIK 3+1;Göztepe;3.100.000;125;165;3+1;3;1;2;26
Ada manzaralı bir dairede mi oturmak istiyorsunuz?;Bostancı;4.450.000;150;175;3+1;3;1;1;34
Dinamik'ten Fenerbahçe'de Sahil'de Balkonlu Geniş 3+1;Fenerbahçe;5.450.000;120;150;3+1;3;1;2;25
Dinamik'ten Feneryolun'da Parka Yakın Bakımlı Binada Geniş 3+1;Feneryolu;2.850.000;115;150;3+1;3;1;1;25
Dinamik'ten Göztepe'de Caddeye 3.Bina Geniş 4+1 Katta Tek;Göztepe;4.950.000;135;160;4+1;4;1;2;27
Dinamik'ten Feneryolun'da Bağdat Caddesine Yakın Geniş 3+1 Daire;Feneryolu;4.495.000;130;150;3+1;3;1;2;36
UTKU'DAN CADDEBOSTAN SAHİLDE YENİ BİNADA 3+1 BALKONLU SATILIK !!;Caddebostan;5.300.000;95;130;3+1;3;1;2;16
UTKU'DAN ERENKÖY ETHEMEFENDİ'DE 125m2 NET 3+1 YENİ BİNADA !!;Erenköy;5.750.000;125;155;3+1;3;1;2;14
MTS PRIME EMLAK-DENİZ MANZARALI-KATTA TEK;Fenerbahçe;12.250.000;150;210;4+1;4;1;2;14
MTS PRIME EMLAK-MANZARALI-GÜVENLİKLİ;Suadiye;12.850.000;340;380;4+2;4;2;3;14
FENERBAHÇE'DE 8 YILLIK YENİ 155M2 GÜVENLİKLİ LÜKS;Fenerbahçe;7.350.000;125;155;3+1;3;1;2;12
Kalamış'ın kalbinde hem huzur hem neş'e..;Fenerbahçe;6.900.000;105;130;3+1;3;1;2;34
UTKU'DAN ERENKÖY'DE MARMARAYA YAKIN KONUMDA 2+1 AÇIK MUTFAKLI !;Erenköy;2.750.000;80;100;2+1;2;1;1;13
C.BOSTAN BAĞDATA YAKIN 4 YILLIK 140M2 GÜVENLİKLİ REZİDENS;Caddebostan;5.195.000;118;140;3+1;3;1;2;9
MTS PRIME EMLAK-SAHİL TARAFINDA;Caddebostan;6.500.000;240;280;4+1;4;1;3;12
ŞAŞKNBAKKAL IN KALBİ NOTER SOKAK 135 net 3+1 SATILIK;Suadiye;4.890.000;135;185;3+1;3;1;2;31
MTS PRIME EMLAK-YENİLENMİŞ-CADDEYE 2 ADIM;Suadiye;4.275.000;110;150;3+1;3;1;2;8
UTKU'DAN ERENKÖY'DE PROJEDEN GERÇEK 83m2 NET 3+1 FIRSATTIR !;Erenköy;2.950.000;83;115;3+1;3;1;2;6
Fenerbahçe Kalamış Deniz Marina Manzaralı Balkonlu 4+1 Satılık;Fenerbahçe;9.800.000;140;180;4+1;4;1;1;28
CİTY'DEN KAÇIRMAYIN. BAĞDATA 100MT;Feneryolu;3.350.000;85;120;2+1;2;1;2;20
Kalamış Wyndham Otel Karşı Sokak İçinde 3+1 Satılık;Fenerbahçe;6.500.000;110;145;3+1;3;1;2;26
GÖZTEPE MİNİBÜSE YAKIN 90M2 TERASLI EBEVEYNLİ YENİ 140M2 3+1;Merdivenköy;3.140.000;100;140;3+1;3;1;2;26
KOZYATAĞI MÜKEMMEL LOKASYONDA KÖŞE DAİRE ARAKAT MANZARALI 3+1;Kozyatağı;2.750.000;103;168;3+1;3;1;2;25
ERENKÖY MARMARAY VE BAĞDATA ADIM MESAFEDE  YENİLENMİŞ 160M2 3+1;Erenköy;5.750.000;115;160;3+1;3;1;2;26
Feneryolu Balkonlu Kombili 3+1 Satılık Daire;Feneryolu;4.300.000;122;155;3+1;3;1;2;24
SUADİYE KAPANMAZ DENİZ MANZARALI 5+2 DUBLEX;Suadiye;9.000.000;250;280;5+2;5;2;3;11
Göztepe'de 2+1 90 m2 Net Satılık Daire Kombili Balkonlu Depolu;Göztepe;3.325.000;90;110;2+1;2;1;1;25
BAĞDAT CADDESİ SUADİYE SAHİL PARSELİNDE ŞAHANE KONUMDA 3+1;Suadiye;6.600.000;82;110;3+1;3;1;2;14
19 MAYIS MAH. MERKEZİ KONUMDA DOĞALGAZ KOMBİ ISITMALI 3+1 DAİRE;19 Mayıs;2.200.000;100;123;3+1;3;1;1;12
CADDEBOSTAN SAHİLDE 220M2 BALKONLU ULTRA LÜKS;Caddebostan;8.900.000;180;220;4+1;4;1;2;30
CADDEBOSTAN SAHİLDE SIFIR 145M2 MANZARALI KATTA TEK;Caddebostan;7.595.000;110;145;3+1;3;1;2;23
KALAMIŞ MARİNAYA YAKIN 7 YILLIK 125M2 ULTRA LÜKS;Fenerbahçe;3.950.000;90;125;3+1;3;1;2;22
SUADİYE DE SAHİLE 1 DKK YÜRÜME MESAFESİNDE YENİ BİNADA ULTRA LUX;Suadiye;6.500.000;107;140;3+1;3;1;2;28
Fenerbahçe Güney Cepheli Önü Açık Kahve Dünyasına Yakın;Fenerbahçe;7.950.000;112;145;3+1;3;1;2;26
FENERBAHÇE'DE DİNAMİK'TEN YÜKSEK GİRİŞ KATTA 3+1 SATILIK DAİRE;Fenerbahçe;3.950.000;100;130;3+1;3;1;2;30
CADDEBOSTAN'DA BAĞDAT CADDESİNE YAKIN NET 150 M2 4+1 DAİRE;Caddebostan;7.000.000;150;180;4+1;4;1;2;36
KOZYATAĞINDA YENİ SIFIR DUBLEKS DAİRE 200 M2;Kozyatağı;5.250.000;170;200;5+1;5;1;2;20
SUADİYE OTELİNE KOMŞU SAHİLDE BAHÇE KULLANIMLI GİRİŞ KATI;Suadiye;6.000.000;85;120;3+1;3;1;2;17
Fenerbahçe Ayanoğlu Ordu Evi Yakın Katta Tek Kapalı Otopark;Fenerbahçe;7.000.000;175;225;3+1;3;1;1;17
Çiftehavuzlar Sahil Büyük Kulüp Yakın Balkon 4+1 Sıfır Satılık;Fenerbahçe;6.850.000;165;247;4+1;4;1;2;17
ERENKÖY MİNİBÜS CADDESİ ÜZERİ SIFIR 135M2 BALKONLU LÜKS;Erenköy;4.790.000;105;135;3+1;3;1;2;16
KORU MANZARA IŞIK KOLEJİ YANI MUHTEŞEM LOKASYON YENİ DAİRE;19 Mayıs;3.600.000;80;100;2+1;2;1;1;9
CİTY DEN ERENKÖY İSTASYON CAD. FULL YAPILI FERAH 160m2 3+1;Erenköy;3.495.000;130;160;3+1;3;1;3;22
ÇİFTEHAVUZLAR BAĞDAT CADDESİ ÜZERİNDE 4+1 SATILIK SIFIR DAİRE;Göztepe;8.500.000;160;180;4+1;4;1;2;3
FENERYOLU BAĞDAT VE 26 MART PARKINA ADIM MESAFEDE 105M2 2+1;Feneryolu;2.690.000;75;105;2+1;2;1;1;22
CİTY DEN ERENKÖY ETHEMEFENDİ CAD. KOMŞU MASRAFSIZ 135m2 3+1;Erenköy;2.950.000;90;135;3+1;3;1;2;19
BOSTANCI ALİ NİHAT TARLAN CD ÜZERİ 3 YAŞINDA EBEVEYNLİ 140M2 3+1;Bostancı;3.695.000;100;140;3+1;3;1;2;24
ETHEM EFENDİ CAD ÜZERİNDE BALKONLU SATILIK 3+1 DAİRE!!;Erenköy;4.295.000;100;140;3+1;3;1;2;31
DİNAMİK'TEN FENERBAHÇE SAHİLDE YENİ BİNADA EBEVEYNLİ 150M2 SATIL;Fenerbahçe;7.950.000;120;150;3+1;3;1;2;32
CİTY DEN FENERBAHÇE DALYAN DA SAHİLE 100mt MESAFEDE SÜPER DAİRE;Fenerbahçe;5.450.000;125;160;3+1;3;1;2;18
SUADİYE KATTA TEK BAĞDATA YAKIN 2 BALKONLU 240 M2 4+1;Suadiye;4.650.000;180;240;4+1;4;1;3;27
Fenerbahçe Dalyan Ordu Evine Parka Yakın Balkon Kapalı Otoparklı;Fenerbahçe;5.675.000;120;150;3+1;3;1;1;18
GÖZTEPE MARMARAY VE ÖZGÜRLÜĞE ADIM MESAFEDE 3 BALKONLU 168M2 3+1;Göztepe;3.700.000;120;168;3+1;3;1;2;25
GÖZTEPEDE BAĞDATA 5.BİNA;Göztepe;4.995.000;100;140;3+1;3;1;2;27
MERDİVENKÖY PARK MANZARALI ÖNU KAPANMAZ 3+1 GENİS KULLANIŞLI;Suadiye;3.100.000;120;165;3+1;3;1;2;36
SUADİYE'DE BAĞDATA YAKIN 9 YILLIK 380M2 4+2 TERASLI DENİZ MANZ.;Suadiye;12.850.000;300;380;4+1;4;1;3;31
WEN CADDE'DEN SUADİYE AYŞEÇAVUŞ CAD.4 YAŞINDA SATILIK 3+1;Suadiye;5.950.000;120;150;3+1;3;1;2;22
CİTYDEN..ERENKÖY ETHEMEFENDİYE KOMŞU 300M2 4+2 DUBLEKS;Erenköy;5.250.000;240;300;4+2;4;2;4;26
ACIBADEM CAD.ÜZERİ ŞAHANE DENİZ;Acıbadem;12.500.000;350;360;6+2;6;2;3;33
Kalamış Wyndham Otel Marina Yakın Konumda Balkonlu Daire;Fenerbahçe;4.500.000;115;155;3+1;3;1;1;22
Kalamış Wyndham Otel Karşı Sokağında Deniz Manzaralı Sıfır 4+1;Fenerbahçe;12.950.000;145;200;4+1;4;1;2;26
CİTY DEN CADDEBOSTAN DA SAHİLE KOMŞU NET 240m2 4+1;Caddebostan;5.950.000;240;340;4+1;4;1;2;32
GÖZTEPEDE  VATANDAŞLIĞA  UYGUN  SATILIK  DAİRE;Göztepe;3.250.000;93;125;3+1;3;1;2;13
CİTYDEN..ERENKÖY ETHEMEFENDİDE YENİ BİNA 295M2 3+2 DUBLEKS;Erenköy;4.250.000;230;295;3+2;3;2;2;18
Fenerbahçe Dalyan Deniz Manzaralı Yüzme Havuzu Güvenlik;Fenerbahçe;36.000.000;280;350;5+2;5;2;3;16
BAĞDAT CADDESİ'NDE BALKONLU;Bostancı;3.800.000;120;150;3+1;3;1;2;14
CİTY'DEN ETHEMEFENDİ CADDESİNDE 170M2 3+1 YENİ;Erenköy;3.950.000;130;170;3+1;3;1;2;10
GÖZTEPE MİNİBÜS CAD YAKIN 150 M2 KOMBİLİ FULL YAPILI;Merdivenköy;3.100.000;125;150;3+1;3;1;1;12
CADDEBOSTAN SAHİL DE YABANCI SATIŞA UYGUN NET 125 m2 SATILIK !!;Caddebostan;4.750.000;125;160;3+1;3;1;2;28
Kadıköy Rasimpaşa Bahçe Kat 2+1 Daire;Rasimpaşa;1.250.000;65;75;2+1;2;1;1;
REALTY WORLD Studio dan BAĞDAT CADDESİNDE OTOPARKLI (AÇIKLAMA!);Caddebostan;4.650.000;125;160;3+1;3;1;1;5
DİNAMİK'TEN FENERBAHÇE AYANOĞLU'NDA PRESTİJLİ BİNADA FIRSAT!;Fenerbahçe;4.400.000;120;150;3+1;3;1;1;23
ERENKÖY MARMARAYA YAKIN 155M2 BAKONLU ULTRA LÜKS;Erenköy;3.300.000;120;155;3+1;3;1;2;24
DİNAMİK'TEN ŞAŞKINBAKKAL SAHİLDE DENİZ MANZARALI 3+1 122 M2 NET;Suadiye;9.595.000;122;160;3+1;3;1;2;20
ACIBADEM CADDE ÜZERİ İYİ KONUM 4+1 230m²DUBLEX DAİRE;Acıbadem;7.380.000;220;230;4+1;4;1;2;
SUADİYE SAHİL SIFIR 110m2 MÜSTAKİL BAHÇELİ EBEVEYNLİ SATILIK 3+1;Suadiye;6.600.000;80;110;3+1;3;1;2;30
SUADİYE BAĞDAT-MİNİBÜS ARASI 101m2 SIFIR 9.KAT EBEVEYNLİ SATILIK;Suadiye;3.750.000;81;101;2+1;2;1;2;26
SUADİYE MİNİBÜS CAD.103m2 '0' DENİZ MANZARALI 13.KAT SATILIK 2+1;Suadiye;4.180.000;83;103;2+1;2;1;2;29
CADDEBOSTAN SAHİLDE 240m2 DEPREM SONRASI MANZARALI SATILIK 6+1;Caddebostan;8.000.000;190;240;6+1;6;1;3;31
DİNAMİK'TEN FENERYOLU'NDA SIFIR BİR EŞİ DAHA YOK!;Feneryolu;2.690.000;75;90;2+1;2;1;1;18
SUADİYE BAĞDATA YAKIN 125M2 BALKONLU ULTRA LÜKS;Suadiye;2.295.000;95;125;3+1;3;1;2;18
KADIKÖY SAHRAYICEDİT MAHALLESİN;Sahrayı Cedit;4.250.000;120;135;3+1;3;1;2;33
SUADİYE SAHİLDE 4 YILLIK 295M2 + 30M2 TERASLI LÜKS DUBLEKS;Suadiye;11.900.000;250;295;4+2;4;2;3;25
DİNAMİK'TEN BAĞDAT CADDESİ ÜZERİNDE 3+1;Zühtüpaşa;2.950.000;95;125;3+1;3;1;1;17
ACIBADEM EKŞİLER SİTESİNDE ÇOK İYİ KONUM 3+1 145m² YÜKSEK GİRİŞ;Acıbadem;3.900.000;135;145;3+1;3;1;2;20
DİNAMİK'TEN  ERENKÖYDE CADDEYE 6DK BALKONLU 110m2 FIRSAT;Erenköy;3.550.000;90;110;3+1;3;1;2;16
FENERBAHÇE'DE SİTE ÖZELLİKLİ 2+1 BAHÇE CEPHELİ TERS DUBLEKS;Fenerbahçe;3.350.000;92;123;2+1;2;1;2;14
FENERBAHÇE'DE 8 YILLIK YENİ 155M2 GÜVENLİKLİ LÜKS;Fenerbahçe;7.950.000;125;155;3+1;3;1;2;13
Dinamik'ten Merdivenköy'de Minibüse Yakın Balkonlu 3+1;Merdivenköy;1.850.000;90;125;3+1;3;1;2;
TURYAP'TAN ALTOWER RESİDENCE'DA 1+1 SATILIK DAİRE;Sahrayı Cedit;1.620.000;47;75;1+1;1;1;1;6
Dinamik'ten GÖZTEPE TANZİMAT ÜZERİNDE 3+1 YENİ BİNADA;Göztepe;4.450.000;93;130;3+1;3;1;2;30
WEN CADDE CADDEBOSTAN SAHİLDE FERAH FIRSAT DUBLEKS 4+1 DAİRE;Caddebostan;7.250.000;240;280;4+1;4;1;3;25
Fenerbahçe Dalyan Kulüp Ordu Evi Yakın Satılık 3+1 Daire;Fenerbahçe;6.800.000;100;130;3+1;3;1;2;16
WEN CADDE İNÖNÜ CADDESİNDE 1 YAŞINDA FIRSAT SATILIK 3+1 DUBLEKS;Sahrayı Cedit;3.650.000;165;210;4+1;4;1;2;24
Fenerbahçe Kalamış Deniz Marina Doğa Manzaralı 3+1 Satılık;Fenerbahçe;13.800.000;122;160;3+1;3;1;2;19
19 MAYIS MAH. MİNİBÜS CAD YAKINI GÜNEYDOĞU CEPHE FERAH 2+1 DAİRE;19 Mayıs;3.245.000;80;105;2+1;2;1;1;18
SUADİYE ÇOLAKİSMAİLDE DENİZ MANZARALI 4+1 180M2 NET DUBLEKS;Suadiye;6.550.000;180;220;4+1;4;1;3;31
ÇOK MERKEZİ KONUMDA SIFIR BİNADA EBEVEYN BANYOLU 4+1 DAİRE;19 Mayıs;4.950.000;130;165;4+1;4;1;2;28
Suadiye Ayşe Çavuş Ön Cephe Balkonlu Ara Kat Yeni 3+1;Suadiye;4.350.000;100;135;3+1;3;1;1;22
GÖZTEPE BAĞDATA YAKIN 9 YILLIK 150M2 GÜVENLİKLİ Y. HAVUZLU LÜKS;Göztepe;5.500.000;115;155;3+1;3;1;2;26
ERENKÖY'DE BAĞDATA YAKIN 3 YILLIK 235M2 TERASLI DUBLEKS;Erenköy;9.250.000;195;235;3+2;3;2;2;30
SUADİYE'DE 4 YILLIK 240M2 ÇİFT TERASLI LÜKS DUBLEKS;Suadiye;4.985.000;180;240;4+2;4;2;2;25
Fenerbahçe'de Satılık Balkonlu 4+1 Daire;Fenerbahçe;8.750.000;156;200;4+1;4;1;2;21
Fenerbahçe Marina - Cafe Yakın 3+1 Sıfır Daire;Fenerbahçe;5.250.000;117;150;3+1;3;1;2;22
Kalamış Wyndham Otel Marinaya Yakın 4;Fenerbahçe;14.000.000;200;240;4+1;4;1;1;26
SUADİYE'DE 3 YILLIK 135M2 EBEVEYN BANYOLU LÜKS;Suadiye;4.175.000;96;135;3+1;3;1;2;19
BAYAR CAD ÜSTÜ KULLANIŞLI NET 80 M2 KOMBİLİ 2+1 DAİRE;19 Mayıs;2.750.000;80;100;2+1;2;1;1;15
DİNAMİK EMLAK'TAN CADEBOSTAN'DA DENİZ MANZARALI 5+2;Caddebostan;13.550.000;265;320;5+2;5;2;4;31
KOZYATAĞINDA MİNİBÜS / E5 ARASI 2 YAŞINDA 3+1 145 M2 İSKANLI;Kozyatağı;3.520.000;120;140;3+1;3;1;2;29
F.BAHÇE MARİNADA 155M2  LEBİDERYA BALKONLU GÜVENLİKLİ;Fenerbahçe;10.000.000;120;155;3+1;3;1;2;12
Göztepe'de yeni binada;Merdivenköy;2.950.000;85;100;3+1;3;1;2;8
HASANPAŞA'DA SATILIK 2+1 DAİRE;Hasanpaşa;950.000;80;100;2+1;2;1;1;26
Kalamış Wyndham Otel Marinaya Yakın 4;Fenerbahçe;14.000.000;200;240;4+1;4;1;1;26
ŞAŞKINBAKKAL SAHİLDE 150 M2 KATTA TEK SIFIR SATILIK DAİRE!!;Caddebostan;6.750.000;117;150;3+1;3;1;2;9
Çiftehavuzlar Sahil Güvenlikli Balkonlu Satılık 4+1 Daire;Fenerbahçe;5.250.000;155;210;4+1;4;1;1;27
Fenerbahçe Ordu Evi Caddesi Kahve Dünyası Yakın Dubleks Sıfır;Fenerbahçe;5.500.000;134;170;5+1;5;1;2;26
Caddebostan Bağdat Caddesi 1. Paralel Sokak 500 m2 Daire 8+2;Caddebostan;15.000.000;375;500;8+2;8;2;5;30
DİNÇEM'DEN KADIKÖY ŞAŞKINBAKKAL' DA 3+1 YENİ BİNA SATILIK DAİRE;Suadiye;3.795.000;85;110;3+1;3;1;1;21
DİNÇEM'DEN KADIKÖY SUADİYE'DE SAHİL PARSELİNDE 35 M² SALON 3+1;Suadiye;3.750.000;130;160;3+1;3;1;2;21
KADIKÖY ERENKÖY BAĞDAT TREN ARASI 4+1 BALKONLU 45 M² SALON;Erenköy;3.295.000;155;185;3+1;3;1;2;22
GÖZTEPE'DE 5 YILLIK İSKANLI 220M2 Y.HAVUZLU TERASLI DUBLEKS;Göztepe;5.675.000;160;220;3+1;3;1;2;19
DİNAMİK'TEN ÇİFTEHAVUZLAR'DA BAĞDATA ÇOK YAKIN PARK MANZARALI;Göztepe;3.500.000;75;95;2+1;2;1;2;21
CİTY'DEN TÜTÜNCÜ MEHMET EFEDİ CAD. CADDEYE YAKIN GENÇ BİNA 3+1;Göztepe;4.350.000;105;140;3+1;3;1;2;16
bağdat caddesi ömer paşa da katta tek şömineli daire;Erenköy;2.625.000;130;160;3+1;3;1;2;12
ALFA'DAN KADIKÖY 1071 'DE 24. KATTA ACİL 4+1 DAİRE;Fikirtepe;3.200.000;164;250;0  TL  (aylık);0; ;0  TL  (aylık);25
BEGÜMDEN BAĞDATA 2. BİNA FUL DENİZ MANZARALI MEGA LÜX.;Bostancı;4.650.000;160;180;3+1;3;1;2;30
ALFA'DAN HALDIZ OBAKÖY PROJESİNDE 16 . KATTA 2+1 ACİLL;Dumlupınar;750.000;56;83;0  TL  (aylık);0; ;0  TL  (aylık);17
ERENKÖY ETHEMEFENDİ CADDESİNE ÇOK YAKIN İSKANLI FULL YENİLENMİŞ;Erenköy;5.750.000;125;150;3+1;3;1;2;31
SUADİYE BAĞDATA YAKIN 210M2 2 BALKONLU KATTA TEK ULTRA LÜKS;Suadiye;4.650.000;180;210;4+1;4;1;3;22
GÖZTEPE ŞAİR ARŞİ CADDESİNDE YENİ BİNADA EBEVEYNLİ 130 M2 3+1;Merdivenköy;3.140.000;100;130;3+1;3;1;2;20
ERENKÖY BAĞDATA YÜRÜME MESAFESİNDE YENİ 150M2 ULTRA LÜKS;Erenköy;5.750.000;115;150;3+1;3;1;2;33
ALFA'DAN TEKNİK YAPI UP-LİFE 'DA 2+1 DAİRE SATILIK DAİRE;Dumlupınar;850.000;55;87;0  TL  (aylık);0; ;0  TL  (aylık);14
ALFA'DAN KADIKÖY TORKAM 'DA 96 m BÜYÜK 1+1 DAİRE;Dumlupınar;1.000.000;68;96;0  TL  (aylık);0; ;0  TL  (aylık);14
F.BAHÇE BAĞDAT CADDESİNDE 185M2 BALKONLU ULTRA LÜKS;Fenerbahçe;5.950.000;150;190;4+1;4;1;2;27
göztepeTren-Bağdat Arası 3+1 Balkonlu Asansör+Otoparklı;Göztepe;2.865.000;110;145;3+1;3;1;1;17
GÖZTEPEDE 3+1 BALKONLU EBEVEYNLİ SIFIR KAPALI GARAJL;Göztepe;3.650.000;94;125;3+1;3;1;2;30
ERENKÖY BAĞDATA YAKIN SIFIR 155M2 BALKONLU ULTRA LÜKS;Erenköy;7.400.000;120;155;3+1;3;1;2;26
Fenerbahçe Kahve Dünyası Sütişe Yakın Katta Tek 4+1 Satılık;Fenerbahçe;12.000.000;175;235;4+1;4;1;2;25
Şaşkınbakkalda Bağdat Caddesine Yakın 3+1 Yenilenmiş Daire;Suadiye;2.995.000;100;135;3+1;3;1;2;25
ALFA'DAN ÖZEL GÖZTEPE HASTANESİ SOKAĞINDA İÇİ YAPILI 3+1;Merdivenköy;1.200.000;120;130;100  TL  (aylık);1;0;0  TL  (aylık);9
Çiftehavuzlar Tepegöz Sokak'ta Özgürlük Parkına Marmaray Yakın;Göztepe;11.500.000;256;365;5+2;5;2;3;28
A+ SATILIK MUHTEŞEM DAİRE RAGIP PAŞA KORUSU SİTESİNDE FIRSAT;Caddebostan;33.000.000;310;416;7+2;7;2;4;36
ELYSIUM ELIT KOŞUYOLU SATILIK 3.5+1 RESIDENCE DAİRE;Acıbadem;7.500.000;123;139;3+1;3;1;2;26
3+1 VEYA 4+1 FARKLI FİYATLARDA RESIDENCE;Erenköy;18.150.000;160;210;4+1;4;1;2;26
BOSTANCIDA FUL DENİZ MANZARALI 135M2 NET 3+1;Bostancı;4.650.000;135;160;3+1;3;1;2;30
KAZASKER DE MİNÜBÜS CAD. ÜZERİNDE 3+1 100M2 NET YENİ BİNA;19 Mayıs;3.940.000;100;130;3+1;3;1;2;30
SUADİYEDE 170M2 NET 4+2 ÇİFT TERASLI DUBLEKS DAİRE;Suadiye;4.895.000;170;240;4+2;4;2;3;30
GÖSTEPEDE BAĞDAT CAD. VE TREN İSTASYONU ARASINDA 100M2 NET 3+1;Göztepe;4.350.000;100;130;3+1;3;1;1;27
ERENKÖYDE 100M2 NET 3+1 YENİLENMİŞ DAİRE;Erenköy;2.900.000;100;130;3+1;3;1;1;30
ALFA'DAN EĞİTİM MAHALLESİNDE ACİL SATILIK 3+1 DAİRE;Eğitim;700.000;115;125;0  TL  (aylık);0; ;0  TL  (aylık);8
Şaşkınbakkal Caddeye 2. Bina Konumda Kapalı Otoparklı;Suadiye;4.395.000;110;145;3+1;3;1;2;20
ALFA'DAN KADIKÖY -1071 'DE 250 m 4+1 REZİDANS DAİRE;Fikirtepe;3.200.000;165;250;700  TL  (aylık);7;0;0  TL  (aylık);7
Göztepe Minibüs Caddesi Balkon 3+1 Satılık Daire;Göztepe;2.100.000;120;155;3+1;3;1;1;17
HALİTAĞA CADDESİ'NDE 100M2 SATILIK TERAS KAT DAİRE;Osmanağa;975.000;100;110;2+1;2;1;1;12
Ç.HAVUZLAR BAĞDATA ÇOK YAKIN SIFIR 330M2 ÇİFT RERASLI MANZARLI D;Göztepe;9.500.000;235;330;5+2;5;2;4;14
SAHRAYİCEDİD;Merdivenköy;2.100.000;75;105;2+1;2;1;2;14
SUADİYE SAHİLDE SIFIR 210M2 DENİZ MANZARALI BALKONLU KATTA TEK;Suadiye;14.800.000;150;210;4+1;4;1;3;11
Kızıltoprak Metrobüse Maramraya Yürüme Mesafesinde Satılık;Zühtüpaşa;2.500.000;130;170;3+1;3;1;1;10
ALFA'DAN KADIKÖYÜN DEV PROJESİ ŞUA ELİTE CONCEPT'TE 1+1;Fikirtepe;885.000;52;77;400  TL  (aylık);4;0;0  TL  (aylık);
DİNAMİKTEN SUADİYE'DE BALKONLU 135m2 3+1 SATILIK;Suadiye;2.775.000;100;135;3+1;3;1;2;34
SAHRAYICEDİD'DE;Merdivenköy;1.550.000;45;65;1+1;1;1;1;6
SUADİYE BAĞDATA YÜRÜME MESAFESİNDE 4 YILLIK İSKANLI 150M2 LÜKS;Suadiye;5.950.000;120;150;3+1;3;1;2;21
Fenerbahçe Kapanmaz Deniz Marina Manzaralı Balkonlu 3+1 Sıfır;Fenerbahçe;12.000.000;120;160;3+1;3;1;2;2
Fenerbahçe Kapanmaz Deniz Marina Manzaralı Balkonlu 4+1 Sıfır;Fenerbahçe;16.000.000;145;190;4+1;4;1;2;
BEGÜMDEN SUADİYE DE 140 M2 3+1 BALKONLU LÜKS YENİLENMİŞ;Suadiye;3.595.000;110;140;3+1;3;1;1;31
Mayıs'da teslim projeden 3+1;Erenköy;3.300.000;85;110;3+1;3;1;2;
Minibuse yakin 2+1 site konsept Kapanmaz Cepheli;Merdivenköy;1.450.000;74;88;2+1;2;1;1;1
YABANCIYA UYGUN  SUADİYE BAGDATA YAKIN GENİŞ 3+1 120m2 net;Suadiye;5.950.000;120;150;3+1;3;1;2;31
DİNAMİK'TEN GÖZTEPE'DE  GENİŞ BALKONLU 4+1;Göztepe;6.200.000;160;175;4+1;4;1;2;12
ERENKÖY BAĞTAT-TREN ARASI 160M2 4+1 DEN 3+1 EBEVEYNLİ BALKONLU;Erenköy;7.400.000;125;160;4+1;4;1;2;31
GÖZTEPE DE 3+1 140M2 EBEVEYNLİ ULTRA LÜKS;Merdivenköy;3.395.000;105;140;3+1;3;1;2;36
CİTY'DEN FENERYOLUNDA GENÇ BİNADA ÖZGÜRLÜK PARKINA YAKIN 180 M2;Feneryolu;4.690.000;135;180;3+1;3;1;3;32
FENERYOLU ÖZGÜRLÜK PARKI MANZARALI 10.KAT 200m2 '0' SATILIK 4+1;Feneryolu;5.250.000;160;200;4+1;4;1;2;21
CİTY TEKYETKİLİ;Feneryolu;5.300.000;238;311;4+2;4;2;2;31
460M2;Suadiye;11.055.000;330;460;6+2;6;2;3;25
F.BAHÇE'DE SIFIR 200M2 KAPANMAZ MARİNA VE DENİZ MANZARALI KATTA;Fenerbahçe;12.250.000;150;200;4+1;4;1;2;27
BOSTANCI DA GENİŞ M2;Bostancı;5.000.000;170;190;4+1;4;1;2;27
Caddebostan Sahil Plaj Yolu Teraslı Dubleks Daire;Caddebostan;6.500.000;240;280;4+1;4;1;3;26
Fenerbahçe Deniz Manzaralı 90 m2 Salon 5 Araçlık Otoparklı 5+1;Fenerbahçe;33.000.000;213;290;5+1;5;1;3;25
CADDEBOSTAN SAHİLDE SIFIR KOMBİLİ 2+1 72m2;Caddebostan;3.600.000;55;72;2+1;2;1;1;23
SUADİYE YALI PARSELİ HAVUZLU BİNADA 4+1 EMSALSİZ SATILIK DAİRE;Bostancı;12.000.000;250;310;4+1;4;1;2;27
FENERYOLU ÖZGÜRLÜKPARKI CEPHELİ TERAS+BALKONLU DUBLEKS 231M2 4+1;Feneryolu;6.450.000;155;217;4+1;4;1;3;24
ETHEM EFENDİDE BAĞDATA YAKIN YENİ BALKONLU KATTA TEK 170M2 3+1;Erenköy;7.800.000;122;170;3+1;3;1;2;28
YENİ BİNADA SUADİYE DE BAĞDAT CD YAKIN 2+1 KOMBİLİ;Suadiye;3.795.000;85;105;2+1;2;1;1;21
MTS PRIME EMLAK-TEK YETKİLİ-BAHÇELİ;Acıbadem;2.900.000;105;135;3+1;3;1;2;
MTS PRIME EMLAK-TEK YETKİLİ;Acıbadem;2.500.000;75;95;2+1;2;1;1;
Göztepe'de Deprem Sonrası Emsalsiz Geniş 4+1 Köşe Daire;Göztepe;4.250.000;140;165;4+1;4;1;1;21
Çiftehavuzlar da Deniz Manzaralı Çatı Dubleks.;Fenerbahçe;14.000.000;270;300;5+1;5;1;3;19
Fenerbahçe Dalyan Kulüp Manzaralı 3+1 Satılık Masrafsız;Fenerbahçe;2.795.000;110;140;3+1;3;1;1;19
GÖZTEPE'DE İSKANLI YENI Satılık 3+1 LÜX Daire;Göztepe;4.550.000;105;135;3+1;3;1;2;
Fenerbahçe Dalyan Denize Parka Yakın 4+1 Satılık Daire;Fenerbahçe;6.500.000;155;190;4+1;4;1;2;18
Fenerbahçe Kahve Dünyası Sütiş Yakın Satılık Daire;Fenerbahçe;6.100.000;134;170;3+1;3;1;2;18
Caddebostan Tanzimat Sokak Bağdat Caddesi 6. Bina 3+1;Caddebostan;4.400.000;100;135;3+1;3;1;2;18
FENERYOLU MİNÜBÜS CADDESİNE YAKIN 2+1 SIFIR LÜX SATILIK DAİRE;Feneryolu;2.250.000;65;90;2+1;2;1;1;12
ETHEM EFENDİ CAD. YENİ BİNADA ;Erenköy;4.650.000;95;125;3+1;3;1;2;15
DİNAMİK'TENSIFIR..BAĞDATA 100 METRE..2+1..BALKONLU..K OTOPARKLI.;Feneryolu;2.950.000;73;95;2+1;2;1;1;24
Feneryolu Özgürlük Parkı'nın Yanında Caddeye 2 dakika;Feneryolu;2.250.000;100;115;2+1;2;1;1;10
Sahrayıcedit Palmiye Konutları 110m2 Net Balkonlu E.Banyolu 3+1;Sahrayı Cedit;3.495.000;110;145;3+1;3;1;2;31
Minübüs yolunda 2.Blok satılık daire;Göztepe;2.500.000;125;145;3+1;3;1;2;15
FENERYOLU MAZHARBEY MİNİBÜS CAD ÖZGÜRLÜK PARKI ARASI 115 NET;Feneryolu;2.600.000;115;135;3+1;3;1;1;27
BEGÜMDEN Çiftehavuzlar'da Teras'lı Kısmi Deniz Manz. 2+1;Göztepe;4.000.000;115;145;2+1;2;1;1;18
BEGÜMDEN ERENKÖY İSTASYON CAD. 3+1 140M2 BALKONLU EBEVEYN B.;Erenköy;3.300.000;120;140;3+1;3;1;2;30
CİTY'DEN ERENKÖYDE BAĞDATA YAKIN BALKONLU SIFIR 168 M2 3+1;Erenköy;7.400.000;120;168;3+1;3;1;2;21
SÜPER LÜKS FUL DENİZ MANZARALI 5+2 350M2 NET;Suadiye;13.100.000;350;400;5+2;5;2;5;29
SUADİYE AYŞEÇAVUŞ CAD. ÜZERİNDE 4+1 TERASLI PAY ÖLÇERLİ BAHÇELİ;19 Mayıs;2.350.000;140;220;4+1;4;1;2;14
YILIN SON FIRSATI BOSTANCI'DA BAĞDAT CADDESİNE YAKIN YATIRIMLIK;Bostancı;2.395.000;110;130;3+1;3;1;2;9
BEGÜMDEN Suadiye'de Tonozlu sokakta cad. yakın 3+1  balkonlu;Suadiye;4.395.000;125;150;3+1;3;1;1;18
BAYAR CADDESİNE YAKIN MİMARİ DEKORE EDİLMİŞ EBEVEYİNLİ 145M2;19 Mayıs;1.365.000;120;145;3+1;3;1;3;15
DİNAMİK'TEN SAHRAYICEDİT'TE 3+1 GENİŞ 1997 YAPIMI SATILIK DAİRE;Sahrayı Cedit;2.325.000;110;140;3+1;3;1;1;9
BEGÜMDEN C.BOSTAN 185M2 4+1 KATTA TEK BALKONLU EBEVEYN BANYOLU;Göztepe;4.525.000;145;185;4+1;4;1;2;28
GÖZTEPE HASTANE VE MİNİBÜSE ADIM MESAFEDE KİLERLİ 98M2 2+1;Merdivenköy;1.350.000;70;98;2+1;2;1;1;15
ELYSIUM ELIT KOŞUYOLU 4;Acıbadem;8.500.000;180;225;4+1;4;1;2;23
CİTY'DEN SUADİYEDE DENİZ MANZARALI TERASLI GENİŞ 4+2;Suadiye;6.950.000;180;235;4+2;4;2;3;23
TURYAP'TAN ACIBADEM SAKİNLER BÖLGESİ 6+1 SATILIK DUBLEKS DAİRE;Acıbadem;3.150.000;185;240;6+1;6;1;2;31
Erenköy Fırın Sk Net 160M2 Yeşillikler İçinde 3+1 Satılık Daire;Erenköy;4.500.000;160;180;3+1;3;1;2;36
ACIBADEM NEZİH BÖLGESİNDE İYİ KONUMLU 3+1 85m²GİRİŞKAT DAİRE;Hasanpaşa;880.000;80;85;3+1;3;1;1;27
KALAMIŞ RESİDENCE'DA 3.KAT DENİZ MANZARALI 360m2 SATILIK 5+1;Fenerbahçe;24.000.000;330;360;5+1;5;1;3;31
SUADİYE BAĞDAT YAKINI GENÇ BİNADA 2 BALKONLU GENİŞ 112M2 2+1;Suadiye;3.495.000;80;112;2+1;2;1;1;23
BEGÜMDEN SELAMİÇEŞME ÖZGÜRLÜK PARK YAKIN .2005 YAPIMI 3+1- 165m2;Feneryolu;4.690.000;135;165;3+1;3;1;2;17
Dinamik'ten Göztepe'de Parka Yakın 3+1;Göztepe;2.600.000;105;135;3+1;3;1;2;
Dinamik'ten Erenköy Etem Efendide Balkonlu 120m2 Net 3+1;Erenköy;7.400.000;120;155;3+1;3;1;2;13
Fenerbahçe Ordu Evi Caddesi Denize Yakın Teraslı Dubleks Sıfır;Fenerbahçe;12.150.000;224;275;5+2;5;2;3;15
Caddebostan Geniş Balkonlu Çocuk Oyun Parkı 3+1 Satılık;Göztepe;5.195.000;118;145;3+1;3;1;2;14
ERENKÖY BAĞDATA YAKIN 3 YILLIK 130M2 İSKANLI LÜKS;Erenköy;4.250.000;90;130;3+1;3;1;2;12
CADDEBOSTAN SAHİLDE TERASLI 300m2 DUBLEKS;Caddebostan;14.300.000;230;300;4+2;4;2;4;31
KAZASKER DE 3+1/130M2 DENİZ MANZARALI DAİRE( vatandaşlığa uygun;Suadiye;4.500.000;95;130;3+1;3;1;2;30
BEGÜMDEN SUADİYE KAPTANARİF'DE 4 YILLIK İSKANLI 4+2 ÇİFT TERASLI;Suadiye;4.895.000;175;240;4+2;4;2;2;27
KOZYATAĞINDA PRESTİJLİ BİNADA 4+1 170m2 DUBLEKS DAİRE;Kozyatağı;2.750.000;150;170;4+1;4;1;2;29
CADDEBOSTAN BAĞDAT'A 2. BİNADA 4+1 KATTA TEK SATILIK DAİRE;Caddebostan;15.500.000;355;490;4+1;4;1;3;28
Bostancı Ali Nihat Tarlan Cad. E.Banyolu;Bostancı;3.695.000;95;130;3+1;3;1;2;
SUADİYE'DE 2 YILLIK İSKANLI TERASLI DUBLEKS 4+2 230m2;Suadiye;7.500.000;180;230;4+2;4;2;3;29
SUADİYE / 4 SENELİK BİNADA BALKONLU İSKANLI(3+1);Suadiye;4.350.000;100;135;3+1;3;1;1;22
ERENKÖY ETHEMEFENDİ'YE YAKIN ULTRA LÜX 125M2 3+1;Erenköy;3.975.000;95;125;3+1;3;1;2;22
SUADİYE'DE KOMPLE YAPILI GENİŞ BALKONLU FERAH 3+1 140m2;Suadiye;3.985.000;108;140;3+1;3;1;1;23
SUADİYEDE İSKANLI BALKONLU 3+1 133m2 FERAH;Suadiye;4.170.000;97;135;3+1;3;1;2;31
Göztepe Marmaraya 500m. E.Banyolu Ön Cephe Ara Kat 70m2 Net 2+1;Merdivenköy;2.950.000;70;95;2+1;2;1;2;
SUADİYEDE 3+1 100NET BALKONLU EBEVEYNLİ;Suadiye;3.825.000;100;130;3+1;3;1;2;28
BEGÜMDEN GÖZTE  2001 Çelik inşaat Yapımı 125 m2  3+1 Balkonlu;Göztepe;3.995.000;125;165;3+1;3;1;2;11
BOSTANCI MARMARAYA 2-3 DAKİKA MESAFEDE GENÇ VE PRESTİJLİ.;Bostancı;3.250.000;130;160;3+1;3;1;2;31
FENERYOLU'NDA 115m2 net 3+1 2 BALKONLU MİSAFİR WC'Lİ !!;Feneryolu;3.200.000;115;150;3+1;3;1;2;33
SUADİYE AYŞE CAVUŞ CAD.BALKONLU GENİŞ 3+1;Suadiye;2.350.000;100;125;3+1;3;1;1;30
BEGÜMDEN MARMARA ÜNİVERSİTESİNE YAKIN 3+2 İSKANLI DUBLEKS;Eğitim;3.575.000;150;185;3+2;3;2;2;31
CADDEBOSTAN SAHİLDE TERASLI 390m2 DUBLEKS;Caddebostan;17.750.000;290;390;5+2;5;2;4;18
BEGÜMDEN SUADİYEDE BAĞDAT CAD.GENÇ BİNADA 225M2 4+1 BALKONLU;Suadiye;4.650.000;200;225;4+1;4;1;2;31
BEGÜMDEN KOZYATAĞINDA 135M2 3+1 BALKONLU ÖZEL DEKORLU;19 Mayıs;2.365.000;100;135;3+1;3;1;2;20
BEGÜMDEN CADDEBOSTAN SAHİLE YÜRÜME MESAFESİNDE 4+1(SIFIR);Caddebostan;9.750.000;155;210;4+1;4;1;2;31
BEGÜMDEN CADDEBOSTAN SAHİLDE 110M2NET SIFIR KATTA TEK DENİZ MANZ;Caddebostan;7.595.000;110;145;3+1;3;1;2;26
CADDEBOSTAN SAHİL GÜL BAHÇESİNE YAKIN 130M2 3+1 KOMBİLİ BALKONLU;Caddebostan;5.700.000;100;130;3+1;3;1;2;8
BEGÜMDENCADDEBOSTAN PLAJYOLUNDA GENÇ BİNADA 240 4+1;Caddebostan;6.500.000;240;280;4+1;4;1;3;26
KALAMIŞ MARİNA MANZARASI VE BAĞDAT CADDESİ BİR ADIM;Fenerbahçe;12.950.000;150;190;4+1;4;1;2;26
BEGÜMDEN SUADİYE'DE 4+2 DENİZ MANZARALI TERASLI DUBLEKS;Suadiye;6.050.000;185;210;4+2;4;2;3;31
BEGÜMDEN C.BOSTAN SAHİLDE 3YILIK 3+1 130m2 İSKANLI EBEVYN B.;Caddebostan;5.750.000;97;135;3+1;3;1;2;28
BEGÜMDEN REZİDANS DA GÜVENLİKLİ HAVUZLU BALKONLU3+1 145m²;Göztepe;5.500.000;115;145;3+1;3;1;2;31
BEGÜMDEN CADDEBOSTAN TAŞMEKTEP'TE 140 m2 4 YILLIK GENİŞ BALKONLU;Caddebostan;5.195.000;118;140;3+1;3;1;2;31
BEGÜMDEN CADDEBOSTAN SAHİLDE 4+1 200M2 GÜVENLİKLİ FERAH;Caddebostan;7.395.000;165;200;4+1;4;1;3;9
BAĞDAT CADDEBOSTAN PLAJ YOLU DENİZ MANZARALI 4+1 TERASLI DUBLEKS;Caddebostan;6.500.000;235;310;4+1;4;1;3;36
BEGÜMDEN ERENKÖY CAD. YAKIN 200M2 4+2 İSKANLI DUBLEX DENİZ MANZ.;Erenköy;5.500.000;200;240;4+2;4;2;3;29
BEGÜMDEN SUADİYEDE BAĞDATA YAKIN TONOZLUDA3+1 150 M2 YENİLENMİŞ;Suadiye;4.275.000;120;150;3+1;3;1;2;13
KENTPLUS KADIKÖY 1+0 SATILIK;Eğitim;850.000;36;58;1+0 (Stüdyo);1;0;1;4
CİTY TEKYETKİLİ;Feneryolu;2.375.000;100;140;3+1;3;1;1;25
KW Fahrettin'den Kalamış Yalı Parselinde Manzaralı Dubleks Daire;Zühtüpaşa;21.000.000;277;340;6+1;6;1;5;35
Caddebostan Sahil Parseli;Caddebostan;8.450.000;180;225;4+1;4;1;3;
SUADİYE'DE DİNAMİK'TEN 4 YILLIK BALKONLU 3+1 LÜKS SATILIK;Suadiye;4.300.000;110;140;3+1;3;1;2;22
CİTYDEN..FENERYOLU ÖZGÜRLÜK PARKINA YAKIN BALKONLU KATTA TEK 3+1;Göztepe;2.600.000;96;135;3+1;3;1;2;1
ERENKÖYÜN KALBİNDE RENÖVE EDİLMİŞ 3+1 İSKANLI DAİRE;Suadiye;3.850.000;130;160;3+1;3;1;3;26
SUADİYE SAHİL 310m2 LEBİDERYA MANZARALI SIFIR DUBLEX SATILIK 5+1;Suadiye;18.000.000;255;310;5+1;5;1;3;30
GÖZTEPEDE 3+1 FIRSAT DAİRE ARAYANLARA..;Göztepe;1.615.000;90;130;3+1;3;1;2;26
MODA'DA DENİZE YAKIN 2+1 ULTRA LÜKS;Caferağa;1.950.000;85;115;2+1;2;1;1;29
Bağdat Caddesi'nde;Caddebostan;16.500.000;160;200;4+1;4;1;2;25
YETKİLİ;Feneryolu;3.100.000;130;175;3+1;3;1;2;52
ŞAŞKINBAKKAL'DA BAĞDAT CEDDESİ'NE BEŞ DAKİKA 145M2;Suadiye;3.985.000;110;145;3+1;3;1;2;26
SUADİYE'DE DEPREM SONRASI 230M2 KATTA TEK LÜKS;Suadiye;6.900.000;190;230;4+1;4;1;2;27
ERENKÖYDE İSKANLI 130 M2 3+1 ETRAFI FERAH DAİRE;Erenköy;4.250.000;90;130;3+1;3;1;2;19
ULTRA LÜKS ÖZEL YAPILMIŞ ÇOK MERKEZİ KONUMLU SATILIK 3+1 DAİRE;Sahrayı Cedit;3.100.000;119;154;3+1;3;1;2;31
TURYAP TAN 6+2 SATILIK DUBLEKS BAĞDAT CADDESİ 3.PARALEL SOKAKTA;Göztepe;10.950.000;250;335;6+2;6;2;5;31
FENERBAHÇE DE SATILIK 3+1 135m2 net EBEVEYN BANYOLU Daire;Fenerbahçe;3.950.000;135;150;3+1;3;1;2;25
SUADİYE SAHİLDE OTELE KOMŞU;Suadiye;10.000.000;112;157;3+1;3;1;2;14
BEGÜMDEN ERENKÖY BAĞDAT CAD. DİVANA 5Dk 4+1 185M2 YENİLENMİŞ;Erenköy;4.495.000;145;185;4+1;4;1;3;26
TURYAP TAN BAĞDAT CADDESİ 3. PARALEL SOKAK TA 4+1 SATILIK DAİRE;Göztepe;8.950.000;155;210;4+1;4;1;3;31
Suadiye Feride Geçidi Bağdat Caddesi Yakın 2+1 Satılık;Suadiye;2.250.000;52;70;2+1;2;1;1;10
Dinamik'ten Fenerbahçe'de Katta Tek Geniş 3+1;Fenerbahçe;4.785.000;125;160;3+1;3;1;2;31
Dinamik'ten Erenköy'de Marmaraya Yakın İçi Yenilenmiş Geniş 3+1;Erenköy;3.495.000;130;160;3+1;3;1;3;24
BOSTANCIDA ALİ NİHAT TARLANDA FULL MANZARA ULTRA LÜX 4+2 TERASLI;Bostancı;4.500.000;150;185;4+2;4;2;2;31
Erenköy Bağdat Caddesi İle Tren Yolu Arasında Satılık 3+1 Daire;Erenköy;4.500.000;102;123;3+1;3;1;2;31
SUADİYE SIFIR 210M2 YÜZME HAVUZLU MANZARALI TERASLI LÜKS DUBLEKS;Suadiye;6.000.000;185;210;4+2;4;2;3;36
Fenerbhaçe Ordu Evine Dalyan Kulüp'e Yakın Sıfır Binada;Fenerbahçe;7.700.000;100;135;3+1;3;1;2;
SUADİYE SAHİLDE SIFIR 145M2 DENİZ MANZARALI BALKONLU ULTRA LÜKS;Suadiye;8.595.000;110;145;3+1;3;1;2;26
F.BAHÇE'DE 160M2 2 BALKONLU KOMBİLİ KAPALI OTOPARKLI KATTA TEK;Fenerbahçe;4.785.000;125;160;3+1;3;1;2;29
GÖZTEPE BAĞDATA YÜRÜME MESAFESİNDE 200M2 İKİ BALKONLU ULTRA LÜKS;Göztepe;4.950.000;150;200;4+1;4;1;2;25
C.BOSTAN'DA 185M2 2BALKONLU KAPALI OTOPARKLI KATTA TEK ULTRA LUX;Göztepe;4.895.000;145;185;4+1;4;1;2;25
CENTURY 21 SAHRA'DAN BAYTUR KONUTLARINDA 4+1 170 m2 NET KULLANIM;Kozyatağı;4.900.000;170;220;4+1;4;1;2;50
GÖZTEPE MERDİVENKÖY DE MERKEZİ BAKIMLI KULLANIŞLI SATILIK;Merdivenköy;1.800.000;105;130;3+1;3;1;1;22
CENTURY 21.SAHRA'DAN BAĞDAT'A COK YAKIN 4 YILLIK BİNADA 4+1;Göztepe;6.000.000;135;160;4+1;4;1;2;21
CENTURY 21.SAHRA'DAN SAHİLE ÇOK YAKIN İÇİ FULL YAPILI 4+1 180 M2;Caddebostan;8.900.000;180;220;4+1;4;1;4;34
CENTURY 21.SAHRA'DAN 3 YILLIK BİNADA 4+2 DUBLEKS DENİZ MANZARALI;Kozyatağı;5.850.000;210;260;4+2;4;2;2;27
CENTURY 21.SAHRA'DAN 9 YILLIK DENİZ MAN. 4+2 İÇİ FULL YAPILI;Suadiye;12.850.000;300;380;4+2;4;2;3;55
CENTURY 21.SAHRA'DAN FULL DENİZ MAN. İÇİ YAPILI 133M2 NET 3+1;Bostancı;4.650.000;133;160;3+1;3;1;2;44
CENTURY 21.SAHRA'DAN SUADİYE'DE GENÇ BİNADA İÇİ YAPILI 2+1;Suadiye;3.595.000;85;105;2+1;2;1;1;22
CENTURY 21.SAHRA'DAN 2001 YAPIMI GÜVENLİKLİ HAVUZLU FULL YAPILI;Bostancı;3.550.000;135;160;3+1;3;1;2;32
CENTURY 21.SAHRA'DAN C.BOSTAN PLAJYOLU'NDA 4+1 DUBLEKS 240M2 NET;Caddebostan;6.500.000;240;280;4+1;4;1;3;29
TEK YETKİLİYİZ. CENTURY 21 SAHRA'DAN 128m2 NET KULLANIMLI;Kozyatağı;2.785.000;128;146;3+1;3;1;1;24
CENTURY 21.SAHRA'DAN C.BOSTAN SAHİLDE SIFIR BİNADA 3+1 KATTA TEK;Caddebostan;7.595.000;110;145;3+1;3;1;2;23
CENTURY21.SAHRA'DAN F.BAHÇE'DE DENİZ MAN.4+1 155M2 NET KATTA TEK;Fenerbahçe;12.950.000;155;190;4+1;4;1;2;20
CENTURY 21.SAHRA'DAN BAĞDAT CAD. YAKIN 4+1 İÇİ FULL YAPILI 145M2;Erenköy;4.495.000;145;185;4+1;4;1;3;19
CENTURY 21.SAHRA'DAN SAHİLE ÇOK YAKIN KISMİ DENİZ MAN. 3+1;Fenerbahçe;7.950.000;120;155;3+1;3;1;2;19
CENTURY21.SAHRA'DAN BAĞDAT'A YAKIN İÇİ FULL YAPILI 3+1 128M2 NET;Suadiye;4.275.000;128;145;3+1;3;1;2;19
SELAMİÇEŞME ÖZGÜRLÜKTE DEPREM SONRASI 165M2 KOMBİLİ ULTRA LÜKS;Feneryolu;4.690.000;135;1165;3+1;3;1;2;31
Feneryolu 26 Mart Parkına Yakın Konumda Satılık 2+1 Daire;Feneryolu;2.690.000;75;90;2+1;2;1;1;19
CENTURY 21.SAHRA'DAN F.BAHÇE SAHİLE ÇOK YAKIN YENİ BİNA 3+1;Fenerbahçe;3.950.000;90;120;3+1;3;1;2;18
SUADİYE'DE DİNAMİK'TEN BAĞDATA YAKIN 4+2 MANZARALI 210M2 DUBLEKS;Suadiye;6.050.000;185;210;4+2;4;2;3;31
CENTURY 21.SAHRA'DAN Ç.HAVUZLAR'DA 4YILLIK TERAS KEYFİ MANZARALI;Göztepe;4.000.000;115;150;2+1;2;1;1;17
SUADİYE SAHİLDE OTELE KOMŞU VE DENİZ MANZ. YENİ BİNA;Suadiye;17.000.000;255;330;5+1;5;1;3;27
Kadıköy Fenerbahçe'de Satılık;Fenerbahçe;1.850.000;38;48;1+1;1;1;1;21
GÖZTEPE DE MÜKEMMEL LOKASYONDA;Göztepe;3.950.000;95;115;3+1;3;1;2;25
SUADİYE BAĞDATA YAKIN 7 YILLIK YENİ 115M2 BALKONLU LÜKS;Suadiye;3.595.000;85;115;2+1;2;1;1;23
SUADİYE'DE 2 YILLIK 235M2 DENİZ MANZARALI TERASLI LÜKS DUBLEKS;Suadiye;6.950.000;185;235;4+2;4;2;3;27
MTS PRIME EMLAK-YETKİLİ;Fenerbahçe;9.750.000;180;220;4+1;4;1;4;26
Çiftehavuzlar Güvenlikli Tenis Kortlu Satılık 3+1 Daire;Göztepe;2.990.000;100;130;2+1;2;1;1;20
ERENKÖY'DE MARMARAYA YAKIN 130M2 BALKONLU ULTRA LÜKS;Erenköy;2.900.000;95;130;3+1;3;1;2;20
CENTURY 21.SAHRA'DAN 4 YILLIK İÇİ FULL YAPILI 2+1 Y.GİRİŞ;Fenerbahçe;2.995.000;75;90;2+1;2;1;2;15
FİKİRTEPE KENTPLUS;Eğitim;1.245.000;45;72;1+1;1;1;1;9
CENTURY 21.SAHRA'DAN BAĞDAT'A YAKIN İÇİ FULL YAPILI 3+1;Suadiye;3.985.000;110;140;3+1;3;1;2;13
Dinamik'ten Merdivenköy'de Minibüse 2.Bina Park Manzaralı 3+1;Merdivenköy;3.100.000;120;150;3+1;3;1;2;19
Fenerbahçe Bağdat Caddesi Komple Yenilenmiş Balkonlu 4+1;Fenerbahçe;5.950.000;145;185;4+1;4;1;2;26
Selamiçeşeme Özgürlük Parkına Yakın Masrafsız;Feneryolu;4.690.000;135;165;3+1;3;1;2;26
Fenerbahçe Kahve Dünyası Yakın Balkonlu 4+1 Satılık Daire;Fenerbahçe;8.800.000;152;200;4+1;4;1;2;21
KALAMIŞTA SATILIK EŞSİZ YALI DAİRESİ;Fenerbahçe;15.900.000;180;200;4+1;4;1;1;32
CITY'DEN .. CADDEBOSTAN SAHİLDE LEBİDERYA 220M2 3+2 DUBLEX ..;Caddebostan;9.750.000;160;220;3+2;3;2;3;7
Dinamik'ten Merdivenköy'de Minibüs Yoluna 2.Bina Ön Cephe Park M;Merdivenköy;3.350.000;90;125;3+1;3;1;2;15
TÜLAY ÖZKÖK'TEN KALAMIŞTA YENİLENMİŞ HUZURLU SATILIK DAİRE;Zühtüpaşa;1.700.000;62;77;2+1;2;1;1;14
FENERBAHÇE MERKEZDE;Fenerbahçe;10.500.000;140;196;4+1;4;1;2;19
BAĞDATIN SADECE 3 SOK ÜSTÜ ERENKÖYDE;Erenköy;4.950.000;105;147;3+1;3;1;2;19
FENERYOLU MAHALLESİ'NDE FERAH VE KULLANIŞLI HARİKA MANZARALI;Feneryolu;9.400.000;147;184;4+2;4;2;3;31
FENERYOLU MAHALLESİ'NDE PANAROMİK DENİZ MANZARALI DUBLEKS;Feneryolu;9.500.000;147;184;4+2;4;2;3;31
FENERYOLUNDA BAĞDATA 7.BİNA;Feneryolu;4.150.000;87;120;3+1;3;1;2;28
ERENKÖY ETHEMEFENDİ CAD. YAKIN 110M2 BALKONLU KOMBİLİ LÜKS;Erenköy;2.485.000;85;110;2+1;2;1;1;18
CADDEBOSTANDA 147M2;Erenköy;4.500.000;105;147;3+1;3;1;2;17
ERENKÖY'DE DİNAMİK'TEN ÇİFT TERASLI DUBLEKS 4+1 190 m2 SATILIK;Erenköy;4.300.000;160;190;4+1;4;1;3;20
CADDEBOSTAN'DA;Caddebostan;11.850.000;224;315;3+2;3;2;4;16
SUADİYE BAĞDAT'A YAKIN 13.KAT EBEVEYNLİ BALKONLU '0' SATILIK 3+1;Suadiye;4.650.000;87;110;3+1;3;1;2;31
CADDEBOSTAN'DA DİNAMİK'TEN KATTA TEK 4+1 185m2 BALKONLU;Göztepe;4.895.000;145;180;4+1;4;1;2;20
FENERBAHÇEDE 3 YILLIK;Fenerbahçe;5.780.000;134;180;5+1;5;1;2;27
Bağdat yakını 5+2 çift teras ve balkon dubleks tapu masrafı yok;Göztepe;7.800.000;250;280;5+2;5;2;4;30
Bağdat Caddesine Paralel Güvenlikli ve Bahçeli 3+1 Daire;Bostancı;4.350.000;99;149;3+1;3;1;2;36
CİTY'DEN FENERYOLU'NDA BAĞDAT'A 2. PARALEL İSKANLI SIFIR 4+2;Feneryolu;4.750.000;195;240;4+2;4;2;3;22
GÖZTEPE MERDİVENKÖY DE MERKEZİ BAKIMLI KULLANIŞLI SATILIK;Merdivenköy;1.800.000;105;130;3+1;3;1;1;21
CITY'DEN.. KIZILTOPRAK'TA KISMİ DENİZ MANZARALI 240M2 4+1 5.950;Feneryolu;5.950.000;180;240;4+1;4;1;1;22
DİNAMİK'TEN PLAJYOLUNDA YEŞİLLİKLERE BAKAN GENÇ BİNA DUBLEKS;Caddebostan;6.500.000;240;280;4+1;4;1;3;26
Dinamik'ten Feneryolu Özgürlük Parkında Geniş 3+1 2005 Yapımı;Feneryolu;4.690.000;135;165;3+1;3;1;3;27
Fenerbahçe Ordu Evine Parka Sahile Yakın 3+1 Satılık;Fenerbahçe;5.950.000;110;140;3+1;3;1;2;12
Selamiçeşme Bağdat Caddesi 3. Bina Parka Yakın Masrafsız;Feneryolu;6.450.000;208;220;4+1;4;1;2;28
FENERYOLU ÖZGÜRLÜK VE DENİZ MANZ. SON DUBLEKSLER 93M2 2+1;Göztepe;4.200.000;67;93;2+1;2;1;1;11
KOZYATAĞI ;19 Mayıs;4.250.000;270;300;5+1;5;1;3;23
GÖZTEPEDE YEŞİLLİKLER İÇİNDE SATILIK DAİRE;Göztepe;3.990.000;90;105;3+1;3;1;1;
Kadıköy Kozyatağı ÇEBİ Sitesinde Satılık Arıyoruz;Kozyatağı;2.300.000;135;160;3+1;3;1;2;
Dinamik'ten Erenköy Etem Efendide Geniş Balkonlu 3+1;Erenköy;3.350.000;135;165;3+1;3;1;2;14
CenkCaddede Kozyatağı Atılım Sitesi Satılık Yatırımlık 3+1 150m²;Bostancı;2.250.000;118;150;3+1;3;1;1;
ÇİFTEHAVUZLAR BAĞDAT CADDESİ GENİŞ ARSA PAYLI 3.KAT SATILIK 4+1;Göztepe;6.500.000;180;200;4+1;4;1;1;31
Fenerbahçe Dalyan Deniz Manzaralı 5+1 Katta Tek Dubleks Daire;Fenerbahçe;15.950.000;332;437;5+1;5;1;4;33
CADDEBOSTAN'DA 4;Caddebostan;7.000.000;147;180;4+1;4;1;2;26
CADDEBOSTAN GENÇ BİNADA 495M2 DENİZ MANZARALI ÇİFT DAİRE;Caddebostan;14.850.000;420;495;8+2;8;2;4;29
C.BOSTAN SAHİLDE DEPREM SONRASI 280M2 TERASLI DUBLEKS;Caddebostan;6.500.000;240;280;4+1;4;1;3;29
DİNAMİK'TEN CADDEBOSTAN İSKANLI 3+1 220M2 TERASLI DUBLEX;Caddebostan;5.300.000;160;220;3+1;3;1;2;21
CENTURY 21.SAHRA'DAN DENİZ MAN.4+2 380 M2 GÜVENLİKLİ HAVUZLU;Suadiye;12.850.000;300;380;4+2;4;2;3;36
BOSTANCI METRO İST VE MİNİBÜS CAD ARASI GENİŞ M2 3+1 DAİRE;Kozyatağı;2.450.000;140;170;3+1;3;1;1;11
C.BOSTAN SAHİLDE SIFIR 390M2 DENİZ MANZARALI İSKANLI DUBLEKS;Caddebostan;17.750.000;292;390;5+2;5;2;4;18
Century21 Sahra dan Modanın Kalbinde Cadde Üstü Yatırımlık Daire;Caferağa;2.050.000;80;98;2+1;2;1;1;19
Dinamik'ten Şaşkınbakkal Sahil'de 3+1 121m2 Net Balkonlu Daire;Suadiye;6.450.000;122;150;3+1;3;1;2;14
FENERYOLU MAHALLESİ'NDE PANAROMİK DENİZ MANZARALI DUBLEKS;Feneryolu;9.500.000;147;184;4+2;4;2;3;31
FENERYOLU MAHALLESİ'NDE FERAH VE KULLANIŞLI HARİKA MANZARALI;Feneryolu;9.400.000;147;184;4+2;4;2;3;31
GÖZTEPE ÖNÜ KAPANMAZ BALKONLU YENİLENMİŞ 182M2 3+1;Merdivenköy;2.200.000;130;182;3+1;3;1;2;9
Çiftehavuzlar'da Bağdat Caddesi 3. Bina Teraslı Satılık Daire;Göztepe;4.250.000;133;175;3+1;3;1;2;8
CİTYDEN..FENERYOLU ÖZGÜRLÜK PARKINA YAKIN 140M2 3+1 YENİ;Feneryolu;4.000.000;100;140;3+1;3;1;2;7
Kadıköy Bostancı'da Satılık Daire;Bostancı;4.100.000;200;260;4+2;4;2;3;16
CITY'DEN ŞAKINBAKKAL SAHİLDE  BAHÇE KULLANIMLI 278M2 4+1 DAİRE..;Suadiye;12.375.000;200;278;4+1;4;1;2;3
FİKİRTEPEDE OTURUMA HAZIR;Fikirtepe;2.250.000;80;115;2+1;2;1;2;22
SUADİYE DE MERKEZİ LOKASYON 3+1 TRİPLEKS DAİRE;Suadiye;2.750.000;105;125;3+1;3;1;2;26
Erenköy Marmaraya 500m. E.Banyolu;Erenköy;3.975.000;95;125;3+1;3;1;2;
FİKİRTEPEDE BİLİNDİK BİR RESİDENCE.. 105M2;Fikirtepe;2.600.000;73;105;2+1;2;1;2;15
DİNAMİKTEN ERENKÖYDE 3+1 DAİRE;Erenköy;3.100.000;130;165;3+1;3;1;2;18
FİKİRTEPEDE HIZIR BEY CAD'SİNE 1 SOK MESAFEDE;Fikirtepe;1.900.000;105;147;3+1;3;1;2;8
Dinamik'ten Fenerbahçe Bağdat Caddesi Üzerinde 180m2 4+1;Fenerbahçe;5.250.000;150;180;4+1;4;1;2;23
GÖZTEPE'DE;Eğitim;1.550.000;110;140;3+1;3;1;2;15
ERENKÖYDE ETHEMEFENDİ CAD'SİNE KOMŞU;Erenköy;5.250.000;170;238;5+1;5;1;3;11
MERDİVENKÖYDE MİNİBÜS CD'SİNE YAKIN;Merdivenköy;2.350.000;75;105;2+1;2;1;1;3
BAYAR CADDESİ ÜZERİNDE MUHTEŞEM KORU MANZARALI;19 Mayıs;4.700.000;100;130;3+1;3;1;2;32
ARTVİN EMLAK'TAN CADDEBOSTAN SEVGİLİ LOFT TA 2+1 88M2 NET FERAH;Erenköy;4.750.000;88;110;2+1;2;1;2;11
FİKİRTEPEDE OTURMAYA HAZIR;Fikirtepe;1.575.000;47;65;1+1;1;1;1;6
GÖZTEPE'DE;Merdivenköy;2.350.000;73;102;2+1;2;1;2;10
ARTVİN EMLAKTAN SATILIK 3+1 SIFIR DAİRE HAZIRAN SONU TESLİM;Sahrayı Cedit;1.450.000;90;105;3+1;3;1;2;3
BAĞDAT CAD  CADDEBOSTAN'DA SATILIK BALKONLU 4+1 DAİRE;Caddebostan;9.000.000;145;185;4+1;4;1;2;9
SUADİYE CAMİ SOKAKTA YABANCI SATIŞA UYGUN SATILIK DAİRE!!;Suadiye;3.150.000;93;100;3+1;3;1;1;22
ERENKÖY'DE GELECEĞİNİZE YATIRIM YAPIN;Erenköy;7.200.000;140;160;3+1;3;1;1;23
SAHRAYICEDİT DE YATIRIMLIK 2+1 DAİRE;Sahrayı Cedit;1.150.000;75;90;2+1;2;1;1;8
Moda Burnunda sıfır köşe daire Moda Deniz Klübüne çok yakın;Caferağa;4.200.000;85;100;1+1;1;1;1;24
CADDEBOSTAN SAHİLE ÇOK YAKIN 3+1 YENİ DAİRE;Caddebostan;5.750.000;95;135;3+1;3;1;2;24
FENERBAHÇE BAĞDAT ÜZERİ MÜKEMMEL KONUMDA YENİLENMİŞ 210M2 4+1;Feneryolu;5.250.000;150;210;4+1;4;1;2;28
GÖZTEPE'DE;Merdivenköy;3.300.000;100;140;3+1;3;1;2;1
ERENKÖYDE 90M2 NET 3+1 EBEVEYN BANYOLU İÇİ YENİLENMİŞ;Erenköy;3.975.000;95;125;3+1;3;1;2;27
SUADİYE DE İÇİ TAMAMEN YENİLENMİŞ 3+1 110M2 NET;Suadiye;3.985.000;110;140;3+1;3;1;1;18
MERDİVENKÖY DE PARK MANZARALI 3+1 NET 120M2 SATILIK DAİRE;Göztepe;3.100.000;120;150;3+1;3;1;1;30
Erenköy'de Bakımlı;Erenköy;5.250.000;285;340;5+2;5;2;3;33
ÇATALÇEŞME BAĞDATA ÇOK YAKIN SIFIR 165M2 KAPANMAZ LEBİDERYA;Bostancı;9.500.000;120;165;3+1;3;1;2;22
ERENKÖY BAĞDAT CADDESİ YAKIN 3+1 SATILIK DAİRE;Erenköy;3.900.000;90;130;3+1;3;1;2;25
CİTY'DEN GÖZTEPE RIDVANPAŞA'DA İSKANLI 300M2 SIFIR 5+2;Göztepe;4.250.000;250;300;5+2;5;2;4;24
FULL DENİZ GÖREN NET 350M2 5+2 SÜPER LÜKS DAİRE;Suadiye;13.650.000;350;400;5+2;5;2;5;31
KADIKÖY GÖZTEPE KONUTLARINDA MÜKEMMEL LÜKS SATILIK DAİRE;Göztepe;6.750.000;220;225;4+1;4;1;3;20
ACIBADEM EKŞİLER SİTESİNDE ÇOK İYİ KONUM 3+1 145m² YÜKSEK GİRİŞ;Acıbadem;3.900.000;135;145;3+1;3;1;2;20
CADDEBOSTAN BAĞDAT'A ÜÇÜNCÜ APARTMAN 3+1;Caddebostan;9.900.000;120;168;3+1;3;1;2;18
Suadiye'de Balkonlu 4.5+1 Satılık Daire;Suadiye;6.600.000;200;240;4+1;4;1;2;12
MODA CADDESİ ÜZERİNDE FERAH KÖŞE KONUMLU SATILIK DAİRE;Caferağa;2.750.000;108;130;3+1;3;1;1;11
BAĞDAT CADDESİ ÜZERİNDE TABELA REKLAM DEĞERİ YÜKSEK DAİRE;Caddebostan;6.750.000;130;154;3+1;3;1;1;15
MTS PRIME EMLAK-2017 YILI YAPIMI İSKANLI BİNA;Erenköy;3.975.000;95;125;3+1;3;1;2;12
Suadiye Yeni Bina 3+1;Suadiye;4.450.000;105;135;3+1;3;1;2;13
Fenerbahçe Kalamış Wyndham Otel Yakın Deniz ve Doğa Manzaralı;Fenerbahçe;7.900.000;122;167;3+1;3;1;2;21
FENERBAHÇE BAĞDAT ÜZERİ SİTE İÇİ YATIRIMLIK BALKONLU 140M2 3+1;Zühtüpaşa;2.430.000;100;140;3+1;3;1;1;10
GÖZTEPE BAĞDAT CAD.YÜRÜME MESAFESİN DE SATILIK 4+1 DAİRE!!;Göztepe;4.250.000;130;165;3+1;3;1;3;29
MANDIRA CADDESİNE KOMŞU MİNİBÜSE YAKIN İNŞAATTAN 120M2 3+1;Fikirtepe;2.000.000;85;120;3+1;3;1;1;4
SUADİYEDE 2+1 MARMARAY YAKIN FİRSAT DAİRESİ;Suadiye;1.950.000;90;110;2+1;2;1;1;14
Dinamik'ten Feneryolun'da 240m2 4+2 Teraslı Dublex;Feneryolu;5.000.000;170;240;4+2;4;2;2;19
BOSTANCI SAHİLDE;Bostancı;5.250.000;118;150;3+1;3;1;2;28
C.BOSTAN BAĞDAT'A 1 DAK.GÜÇLENDİRİLMİŞ BİNA 3.KAT SATILIK 3.5+1;Caddebostan;6.900.000;120;145;3+1;3;1;1;31
Çamlık Parkı Komşusu Ön Cephe;Fenerbahçe;2.995.000;70;90;2+1;2;1;1;29
Feneryolu Marmaraya 500m. E.Banyolu Balkonlu Geniş 3+1;Feneryolu;3.595.000;120;161;3+1;3;1;2;27
Feneryolu Marmaraya 100m. E.Banyolu;Feneryolu;4.995.000;161;200;4+1;4;1;2;33
Erenköy Marmaraya 500m. E.Banyolu;Erenköy;3.975.000;92;125;3+1;3;1;2;30
Suadiye Marmaraya 500m. Taşınmaya Hazır;Suadiye;3.595.000;80;105;2+1;2;1;1;28
ŞENESENEVLER ATILIM SİTESİNDE 140M² NET KISMİ DENİZ MAN.3+1;Bostancı;2.500.000;140;170;3+1;3;1;1;31
Fenerbahçe Kalamış Marina Deniz Manzaralı Satılık Sıfır Daire;Fenerbahçe;12.900.000;153;180;3+1;3;1;2;24
Caddebostan C.K.M. Yakın Katta Tek 3+1 Satılık Daire;Caddebostan;7.595.000;110;140;3+1;3;1;2;25
Çiftehavuzlar Özgürlük Parkına Yakın Teraslı Daire;Göztepe;4.000.000;123;165;2+1;2;1;2;25
Feneryolu Özgürk Parkı Marmaray İstasyonuna Yakın 4+1 Satılık;Feneryolu;4.995.000;164;220;4+1;4;1;1;27
Feneryolu Marmara Üniversitesi Yakın Masrafsız Satılık;Feneryolu;3.200.000;120;150;3+1;3;1;1;22
DEPREM SONRASI YAPIMI 3+1 140M2 NET YÜZME HAVUZLU;Bostancı;3.395.000;140;160;3+1;3;1;2;29
ERENKÖYDE MARMARAY VE BAĞDAT CADDESİ ARASINDA SIFIR 3+1 SATILIK;Erenköy;4.500.000;102;123;3+1;3;1;2;16
MTS PRIME EMLAK / LEBİDERYA DENİZ MANZARALI;Fenerbahçe;6.800.000;116;150;3+1;3;1;2;
ÜÇEL 8 YILLIK DEPREM YÖNETMELİKLİ BOSTANCI SAHİL YAKIN 85M2 2+1!;Bostancı;2.300.000;70;85;2+1;2;1;1;19
Caddebostan Taşmektep Sokak Satılık Katta Tek Daire;Göztepe;4.895.000;110;140;3+1;3;1;2;15
ŞAŞKINBAKKAL'DA 250m2 DEPREM RAPORLU BALKONLU 8.KAT SATILIK 5+1;Suadiye;5.000.000;220;250;5+1;5;1;2;29
F.BAHÇE'DE 3 YILLIK 350M2 6+2 TERASLI DUBLEKS;Fenerbahçe;9.950.000;300;350;6+2;6;2;4;32
CİTY DEN SUADİYE DE DİLLERE DESTAN 380m2 4+2 DUBLEX DAİREMİZ;Suadiye;11.450.000;270;380;4+2;4;2;3;32
19 MAYIS MAHALLESİ 3+1 BALKONLU DENİZ MANZARALI;19 Mayıs;2.200.000;103;125;3+1;3;1;1;11
KADIKÖY MERKEZDE GENİŞ KULLANIŞLI 4+1 SATILIK DAİRE;Eğitim;2.800.000;120;150;4+1;4;1;1;16
Fenerbahçe Dalyan Yüzme Havuzu Güvenlik Sıfır Daire;Fenerbahçe;4.500.000;118;150;3+1;3;1;2;13
Suadiye Bağdat Caddesine Yakın Masrafsız Satılık Daire;Suadiye;4.275.000;112;145;3+1;3;1;2;22
Caddebostan Yüzme Havuzlu Güvenlikli Masrafsız Satılık;Caddebostan;5.750.000;115;145;3+1;3;1;2;17
MTS PRIME EMLAK-SAHİLDE-YENİ BİNA-İŞYERİNE KONUTA;Caddebostan;5.750.000;90;125;3+1;3;1;2;5
Fenerbahçe 2 Balkonlu Güney Cepheli Satılık 3+1 Daire;Fenerbahçe;4.400.000;120;150;3+1;3;1;1;23
SUADİYE MİNİBÜSE YAKIN 3 YILLIK YÜZME HAVUZLU MANZARALI;Suadiye;4.550.000;95;130;3+1;3;1;2;24
GÖZTEPE PARK MANZARALI MİNİBÜSE 2.BİNA BALKONLU 168M2 3+1;Merdivenköy;3.100.000;120;168;3+1;3;1;2;26
KADIKÖY ADALAR MANZARALI LÜKS DAİRE;Suadiye;4.490.000;130;150;3+1;3;1;2;14
BEGÜMDEN CADDEBOSTAN TANZİMATTA YENİ BİNADA 4+1 ÖZEL DEKORLU;Caddebostan;4.795.000;115;150;4+1;4;1;2;23
BEGÜMDEN FENERBAHÇE'DE 8 YILLIK 3+1 155M2 GÜVENLİKLİ LÜKS;Fenerbahçe;7.950.000;125;155;3+1;3;1;2;25
BEGÜMDEN CADDEBOSTAN DA KATTA TEK BALKONLU 4 YILLIK 3+1;Caddebostan;4.895.000;115;150;3+1;3;1;2;27
BEGÜMDE KAZASKER MİNÜBÜS CAD ÜZERİNDE 3+1 140m2 EBEVEYN BALKONLU;19 Mayıs;3.750.000;103;140;3+1;3;1;2;28
BEGÜMDEN BOSTANCIDA GENÇ BİNADA 3+1 150m2 ÖZEL DEKORLU LÜX;Bostancı;2.300.000;130;150;3+1;3;1;2;27
BEGÜMDEN BOSTANCI CADDE ÜZERİNDE 3+1 DEKORLU MARMARAYA 5.DAKİKA;Bostancı;2.350.000;140;155;3+1;3;1;2;30
BEGÜMDEN FENERYOLU'NDA 3+1 165M2 İÇİ ULTRA LÜKS YATIRIMLIK;Feneryolu;3.595.000;115;160;3+1;3;1;2;29
BEGÜMDEN SUADİYE SAHİL 3+1 LEBİDERYA DENİZ MANZARALI BALKONLU;Suadiye;8.595.000;110;140;3+1;3;1;2;31
BEGÜMDEN FIRSAT BAĞDAT CAD YAKIN 175m2 4+1 2 BALKONLU EBEVEYNLİ;Göztepe;6.000.000;130;175;4+1;4;1;2;31
BEGÜM'DEN KALAMIŞDA İSKANLI GENİŞ Teraslı Dublex 305m2 Net 6+2;Fenerbahçe;9.950.000;305;375;6+2;6;2;4;31
ACİL FENERYOLUNDA YENİ BİNADA 3+1 135M2 BALKONLU DAİRE;Feneryolu;3.650.000;100;135;3+1;3;1;2;30
BEGÜMDEN CADDEBOSTAN PLAJ YOLUNDA BALKONLU 4+1 220M2 YAPILI;Caddebostan;8.900.000;180;220;4+1;4;1;3;31
CİTY DEN ERENKÖY DE SAKİN YEŞİLLİKLER İÇİNDE 130m2 3+1;Erenköy;3.975.000;95;130;3+1;3;1;2;27
BEGÜMDEN ERENKÖY MARMARAY'A YAKIN 98M2 2+1 BALKONLU YENİLENMİŞ;Erenköy;2.485.000;80;98;2+1;2;1;2;20
CİTY DEN SUADİYE DE KONUTA İŞ YERİNE UYGUN FULL YAPILI 140m2 2+1;Suadiye;2.495.000;100;140;2+1;2;1;2;20
DİNAMİK'TEN TERASLI SIFIR C.BOSTAN SAHİLDE 70M2 NET 2+1 EBEVEYNL;Caddebostan;4.475.000;70;95;2+1;2;1;2;30
SUADİYE BAĞDAT'A 1 DAK.SIFIR MANZARALI İSKANLI 270m2 SATILIK 5+1;Suadiye;12.500.000;240;270;5+1;5;1;3;31
Fenerbahçe Kalamış Wyndham Otel Yakın Deniz Manzaralı Satılık;Fenerbahçe;6.500.000;100;135;3+1;3;1;2;24
MERDİVENKÖY PRESTİJLİ RESİDANCE YENİ BİNADA BALKONLU 175M2 3+1;Merdivenköy;3.200.000;128;175;3+1;3;1;2;21
CİTY DEN CADDEBOSTAN DA TEK TAPUDA İKİ SÜPER DAİRE 490m2 8+2;Caddebostan;13.800.000;355;490;8+2;8;2;5;36
CİTY TEK YETKİLİ 10 YILLIK KOZYATAĞI KOZZY YE KOMŞU 200m2 4+1;19 Mayıs;5.950.000;150;200;4+1;4;1;3;30
BEGÜMDEN Erenköy Çoban Yıldızında 130 m2 3+1 Balkonlu YATIRIMLIK;Erenköy;2.950.000;100;130;3+1;3;1;2;14
BEGÜMDEN FENERYOLU'NDA KOMPLE YAPILI BALKONLU EBV.BANY.4+1 225m2;Feneryolu;4.995.000;185;225;4+1;4;1;3;13
GÖZTEPE MİNİBÜS PARALELİ PARK MANZARALI BALKONLU  YENİ 126M2 3+1;Merdivenköy;3.250.000;90;126;3+1;3;1;2;10
KADIKÖY SUADIYE de süper LOKOSYONDA 3+1 150 m LUKS DAIRE;Suadiye;3.650.000;110;150;3+1;3;1;2;16
FIRSAT GENİŞ DAİRE ARAYANLAR KADIKÖY SUADİYE 3+1 150 m² SATILIK;Suadiye;3.650.000;108;150;3+1;3;1;2;16
Dinamik'ten Merdivenköy'de %80 Yeşil Alana Sahip Geniş 3+1;Merdivenköy;3.500.000;106;140;3+1;3;1;2;20
BEGÜMDEN SUADİYE AYŞEÇAVUŞTA GENİŞ 2+1 110M2 BALKONLU YATIRIMLIK;Suadiye;1.950.000;110;120;2+1;2;1;1;22
Kalamış Marinaya Yakın Güvenlikli Binada Satılık 4+1 Daire;Fenerbahçe;10.500.000;146;200;4+1;4;1;2;26
BEGÜMDEN BOSTANCI 24 SAAT GÜVENLİKLİ YÜZME HAVUZLU 2001 YAPIMI;Bostancı;3.395.000;150;170;3+1;3;1;2;7
BEGÜMDEN SÜPER YATIRIMLIK ŞAŞKINBAKKAL TONOZLU SK DA 3+1 120M2;Suadiye;2.995.000;100;120;3+1;3;1;1;2
C.BOSTAN BAĞDATA YAKIN 4 YILLIK 140M2 BALKONLU KATTA TEK LÜKS;Caddebostan;4.895.000;110;140;3+1;3;1;2;20
ŞAİR ARŞİ CADDESİ DİNAMİK'TEN 3+1 SATILIK LÜKS DAİRE;Merdivenköy;3.140.000;100;130;3+1;3;1;2;27
BEGÜMDEN SELAMİÇEŞME SAHİLDE 2+1 90M2 BALKONLU İSKANLI;Fenerbahçe;2.995.000;75;90;2+1;2;1;1;5
FENERYOLU'NDA MİNİBÜSE YAKIN 150M2 BALKONLU ULTRA LÜKS;Feneryolu;3.200.000;115;150;3+1;3;1;2;27
CİTY DEN ERENKÖY DE BAKIMLI BİNADA 200m2 4+1 DAİREMİZ;Erenköy;4.495.000;145;200;4+1;4;1;3;23
GÖZTEPE BAĞDATA YÜRÜME MESAFESİNDE 3 YILLIK 130M2 BALKONLU LÜKS;Göztepe;4.650.000;95;130;3+1;3;1;1;26
Dinamik'ten Caddebostan Sahil'de Kısmi Deniz Manzaralı 3+1;Caddebostan;5.750.000;95;130;3+1;3;1;2;27
Ç.HAVUZLAR BAĞDATA YAKIN 4 YILLIK DENİZ MANZARALI TERASLI;Göztepe;4.000.000;115;150;2+1;2;1;1;15
CİTY'DEN KOZYATAĞINDA MİNİBÜSE YAKIN BALKONLU YENİBİNA 3+1;Kozyatağı;3.500.000;86;115;3+1;3;1;1;19
CİTY DEN GÖZTEPE DE GÜVENLİKLİ HAVUZLU BİNADA 150m2 3+1;Göztepe;5.750.000;115;155;3+1;3;1;2;24
CİTY DEN CADDE BOSTAN MİGROSA KOMŞU SIFIR 130m2 3+1;Caddebostan;5.750.000;90;120;3+1;3;1;2;25
CİTY DEN GÖZTEPE DE BAĞDAT CADDESİNE YAKIN 140m2 3+1;Göztepe;4.400.000;100;140;3+1;3;1;1;22
C.BOSTAN SAHİLDE SIFIR 90M2 + 70M2 TERAS İŞYERİNE KONUTA MART TE;Caddebostan;4.190.000;70;90;2+1;2;1;2;13
KOZYATAĞINDA METRO İSTASYONUNA VE KOZZY AVM YE YAKINI 3+1 DAİRE;Kozyatağı;1.780.000;100;130;3+1;3;1;1;15
CİTY DEN FENERBAHÇE DE BAĞDAT CADDESİNE KOMŞU 2+1 GİRİŞ KATI;Fenerbahçe;2.995.000;75;95;2+1;2;1;1;18
ERENKÖY ETHEMEFENDİ'YE YAKIN 5 YILLIK 125M2 ULTRA LÜKS;Erenköy;3.975.000;95;125;3+1;3;1;2;14
CADDEBOSTAN'DA 4+1 TERASLI ŞÖMİNELİ LÜKS DUBLEKS;Caddebostan;6.500.000;240;280;4+1;4;1;4;36
ANKA'DAN YETKİLİ SUADİYE'DE CADDEYE YAKIN 290 M2 İSKANLI DUBLEX;Suadiye;7.200.000;220;290;5+2;5;2;3;31
Caddebostan Bağdat Caddesi 1. Paralel 2 Araçlık Otopark 4+1;Caddebostan;8.500.000;145;180;4+1;4;1;2;22
TURYAP TAN ORTABAHAR DA 3+1 SATILIK DAİRE;Merdivenköy;2.750.000;95;130;3+1;3;1;1;31
MTS PRIME EMLAK-ÖZGÜRLÜK PARKINA YAKIN-YENİLENMİŞ;Feneryolu;4.995.000;195;235;4+1;4;1;3;13
Dinamik'ten Göztepe'de Güvenlik'li Havuzlu Geniş 3+1;Göztepe;5.500.000;115;145;3+1;3;1;2;31
Dinamik'ten Merdivenköy'de Minibüse 2.Bina Park Manzaralı 3+1;Merdivenköy;3.100.000;120;150;3+1;3;1;2;16
Göztepe'de Yeni; Aydınlık;2750000;84;109;3+1;3;1;1;24
Suadiye'de Deniz Manzaralı Teraslı Dubleks Daire;Suadiye;6.950.000;180;225;4+2;4;2;3;26
Fenerbahçe Deniz - Marina ve Doğa Manzaralı Yüzme Havuzlu;Fenerbahçe;43.750.000;420;550;4+2;4;2;4;5
KOZYATAĞI KOZZY KOMŞUSU SIFIR EBEVEYNLİ 135M2 3+1;Kozyatağı;4.100.000;96;135;3+1;3;1;2;21
SUADİYE BAĞDAT CADDESİNE 3.BİNADA SİTE ÖZELLİKLİ 210 M2 DAİRE;Suadiye;7.000.000;187;210;4+1;4;1;2;
